[{"lastupdate": {"1": 1482091822, "3": 1482091822, "2": 1482091822}, "tmdb": "32708", "title": "Body of Proof", "tvdb": "167591", "season": {"1": "9", "3": "13", "2": "20"}, "trakt": "32567", "imdb": "tt1587669", "year": "2011"}, {"lastupdate": {"1": 1482091844, "3": 1482091844, "2": 1482091844, "5": 1482091844, "4": 1482091844, "6": 1496139119}, "tmdb": "2947", "title": "Veep", "tvdb": "237831", "season": {"1": "8", "3": "10", "2": "10", "5": "10", "4": "10", "6": "7"}, "trakt": "2927", "imdb": "tt1759761", "year": "2012"}, {"lastupdate": {"1": 1482091670, "3": 1482091670, "2": 1482091670, "5": 1482091670, "4": 1482091670, "7": 1482091670, "6": 1482091670}, "tmdb": "4586", "title": "Gilmore Girls", "tvdb": "76568", "season": {"1": "21", "3": "22", "2": "22", "5": "22", "4": "22", "7": "22", "6": "22"}, "trakt": "4562", "imdb": "tt0238784", "year": "2000"}, {"lastupdate": {"1": 1496549462, "2": 1496549462}, "tmdb": "66008", "title": "You Me Her", "tvdb": "309130", "season": {"1": "10", "2": "10"}, "trakt": "106499", "imdb": "tt5179408", "year": "2016"}, {"lastupdate": {"1": 1482091929, "2": 1494303283}, "tmdb": "62852", "title": "Billions", "tvdb": "279536", "season": {"1": "12", "2": "12"}, "trakt": "77692", "imdb": "tt4270492", "year": "2016"}, {"lastupdate": {"1": 1482091834, "3": 1482091834, "2": 1482091834, "5": 1482091834, "4": 1482091834, "6": 1491883861}, "tmdb": "1407", "title": "Homeland", "tvdb": "247897", "season": {"1": "12", "3": "12", "2": "12", "5": "12", "4": "12", "6": "12"}, "trakt": "1398", "imdb": "tt1796960", "year": "2011"}, {"lastupdate": {"1": 1482091860, "3": 1482091860, "2": 1482091860, "5": 1493179839, "4": 1482091860}, "tmdb": "46786", "title": "Bates Motel", "tvdb": "262414", "season": {"1": "10", "3": "10", "2": "10", "5": "10", "4": "10"}, "trakt": "46510", "imdb": "tt2188671", "year": "2013"}, {"lastupdate": {"1": 1482091672, "2": 1482091672}, "tmdb": "2996", "title": "The Office", "tvdb": "78107", "season": {"1": "6", "2": "6"}, "trakt": "2976", "imdb": "tt0290978", "year": "2001"}, {"lastupdate": {"1": 1492404438}, "tmdb": "69309", "title": "Ransom", "tvdb": "320546", "season": {"1": "13"}, "trakt": "113569", "imdb": "tt5809150", "year": "2017"}, {"lastupdate": {"1": 1482091916, "2": 1494670271}, "tmdb": "63398", "title": "Life in Pieces", "tvdb": "295778", "season": {"1": "22", "2": "22"}, "trakt": "99080", "imdb": "tt4384086", "year": "2015"}, {"lastupdate": {"1": 1482091835}, "tmdb": "40015", "title": "The Slap", "tvdb": "252325", "season": {"1": "8"}, "trakt": "39832", "imdb": "tt1823011", "year": "2011"}, {"lastupdate": {"1": 1482091822}, "tmdb": "39468", "title": "Mildred Pierce", "tvdb": "211681", "season": {"1": "5"}, "trakt": "39298", "imdb": "tt1492030", "year": "2011"}, {"lastupdate": {"1": 1494368120}, "tmdb": "66676", "title": "Queen of the South", "tvdb": "306719", "season": {"1": "13"}, "trakt": "105214", "imdb": "tt1064899", "year": "2016"}, {"lastupdate": {"1": 1496334115}, "tmdb": "66551", "title": "The Mick", "tvdb": "311818", "season": {"1": "17"}, "trakt": "107777", "imdb": "tt5638056", "year": "2017"}, {"lastupdate": {"1": 1493549056}, "tmdb": "69889", "title": "Imposters", "tvdb": "320520", "season": {"1": "10"}, "trakt": "113543", "imdb": "tt5212822", "year": "2017"}, {"lastupdate": {"1": 1496743852}, "tmdb": "70128", "title": "Genius (2017)", "tvdb": "322399", "season": {"1": "7"}, "trakt": "115768", "imdb": "tt5673782", "year": "2017"}, {"lastupdate": {"1": 1496743824}, "tmdb": "46639", "title": "American Gods", "tvdb": "253573", "season": {"1": "6"}, "trakt": "46366", "imdb": "tt1898069", "year": "2017"}, {"lastupdate": {"1": 1494864684, "3": 1494864684, "2": 1494864684, "4": 1495771847}, "tmdb": "47600", "title": "Rogue", "tvdb": "265454", "season": {"1": "10", "3": "20", "2": "10", "4": "10"}, "trakt": "47310", "imdb": "tt2397255", "year": "2013"}, {"lastupdate": {"1": 1493568711, "3": 1493568711, "2": 1493568711, "4": 1493611868}, "tmdb": "43982", "title": "Line of Duty", "tvdb": "260092", "season": {"1": "5", "3": "6", "2": "6", "4": "6"}, "trakt": "43740", "imdb": "tt2303687", "year": "2012"}, {"lastupdate": {"1": 1493201435}, "tmdb": "70690", "title": "Dimension 404", "tvdb": "325529", "season": {"1": "6"}, "trakt": "117569", "imdb": "tt5798078", "year": "2017"}, {"lastupdate": {"1": 1482091730}, "tmdb": "14968", "title": "Empire Falls", "tvdb": "84737", "season": {"1": "2"}, "trakt": "14903", "imdb": "tt0376591", "year": "2005"}, {"lastupdate": {"1": 1482091731}, "tmdb": "11918", "title": "Empire (2005)", "tvdb": "72736", "season": {"1": "6"}, "trakt": "11865", "imdb": "tt0403759", "year": "2005"}, {"lastupdate": {"1": 1482091738}, "tmdb": "4015", "title": "Commander In Chief", "tvdb": "75129", "season": {"1": "18"}, "trakt": "3991", "imdb": "tt0429455", "year": "2005"}, {"lastupdate": {"1": 1482091742}, "tmdb": "3929", "title": "Thief", "tvdb": "74334", "season": {"1": "6"}, "trakt": "3906", "imdb": "tt0454753", "year": "2006"}, {"lastupdate": {"1": 1484766003, "3": 1484766003, "2": 1484766003, "4": 1484766003}, "tmdb": "1568", "title": "Til Death", "tvdb": "79384", "season": {"1": "22", "3": "7", "2": "15", "4": "37"}, "trakt": "1557", "imdb": "tt0759475", "year": "2006"}, {"lastupdate": {"1": 1482091746}, "tmdb": "13851", "title": "Jane Eyre (2006)", "tvdb": "79582", "season": {"1": "4"}, "trakt": "13791", "imdb": "tt0780362", "year": "2006"}, {"lastupdate": {"1": 1482091751}, "tmdb": "6015", "title": "The State Within", "tvdb": "79548", "season": {"1": "6"}, "trakt": "5977", "imdb": "tt0770652", "year": "2006"}, {"lastupdate": {"1": 1482091752}, "tmdb": "4971", "title": "Walking with Monsters", "tvdb": "79437", "season": {"1": "3"}, "trakt": "4945", "imdb": "tt0490048", "year": "2006"}, {"lastupdate": {"1": 1488106973, "3": 1490440280, "2": 1488106973}, "tmdb": "62320", "title": "Grace and Frankie", "tvdb": "282562", "season": {"1": "13", "3": "13", "2": "13"}, "trakt": "78204", "imdb": "tt3609352", "year": "2015"}, {"lastupdate": {"1": 1489165832}, "tmdb": "64199", "title": "Sneaky Pete", "tvdb": "300166", "season": {"1": "10"}, "trakt": "101657", "imdb": "tt5011816", "year": "2015"}, {"lastupdate": {"1": 1489965236, "2": 1495361437}, "tmdb": "65228", "title": "Animals.", "tvdb": "303586", "season": {"1": "10", "2": "10"}, "trakt": "103677", "imdb": "tt4953128", "year": "2016"}, {"lastupdate": {"1": 1487200276}, "tmdb": "69470", "title": "Santa Clarita Diet", "tvdb": "320450", "season": {"1": "10"}, "trakt": "113506", "imdb": "tt5580540", "year": "2017"}, {"lastupdate": {"1": 1490933515}, "tmdb": "67195", "title": "Legion", "tvdb": "320724", "season": {"1": "8"}, "trakt": "113656", "imdb": "tt5114356", "year": "2017"}, {"lastupdate": {"1": 1492229512}, "tmdb": "68018", "title": "The Blacklist Redemption", "tvdb": "311903", "season": {"1": "8"}, "trakt": "107806", "imdb": "tt5592230", "year": "2017"}, {"lastupdate": {"1": 1495534282}, "tmdb": "67991", "title": "Making History (2017)", "tvdb": "311833", "season": {"1": "9"}, "trakt": "107773", "imdb": "tt5515410", "year": "2017"}, {"lastupdate": {"1": 1493179832}, "tmdb": "66788", "title": "13 Reasons Why", "tvdb": "323168", "season": {"1": "13"}, "trakt": "116129", "imdb": "tt1837492", "year": "2017"}, {"lastupdate": {"1": 1489950101}, "tmdb": "62127", "title": "Marvels Iron Fist", "tvdb": "317953", "season": {"1": "13"}, "trakt": "112082", "imdb": "tt3322310", "year": "2017"}, {"lastupdate": {"1": 1492405121}, "tmdb": "69158", "title": "The Good Fight", "tvdb": "320766", "season": {"1": "10"}, "trakt": "113697", "imdb": "tt5853176", "year": "2017"}, {"lastupdate": {"1": 1489310479}, "tmdb": "62417", "title": "Emerald City", "tvdb": "295779", "season": {"1": "10"}, "trakt": "98233", "imdb": "tt3579018", "year": "2017"}, {"lastupdate": {"1": 1489014733}, "tmdb": "65708", "title": "Taboo (2017)", "tvdb": "292157", "season": {"1": "8"}, "trakt": "96212", "imdb": "tt3647998", "year": "2017"}, {"lastupdate": {"1": 1491279108}, "tmdb": "66292", "title": "Big Little Lies", "tvdb": "305719", "season": {"1": "7"}, "trakt": "104648", "imdb": "tt3920596", "year": "2017"}, {"lastupdate": {"1": 1485200974}, "tmdb": "61967", "title": "Wet Hot American Summer", "tvdb": "294560", "season": {"1": "8"}, "trakt": "98242", "imdb": "tt4341500", "year": "2015"}, {"lastupdate": {"1": 1484766232}, "tmdb": "65294", "title": "A Series of Unfortunate Events", "tvdb": "306304", "season": {"1": "8"}, "trakt": "104926", "imdb": "tt4834206", "year": "2017"}, {"lastupdate": {"1": 1489144527}, "tmdb": "66871", "title": "SIX", "tvdb": "311809", "season": {"1": "8"}, "trakt": "107744", "imdb": "tt5541338", "year": "2017"}, {"lastupdate": {"1": 1482091823, "2": 1482091823}, "tmdb": "61579", "title": "Mortal Kombat Legacy", "tvdb": "237951", "season": {"1": "9", "2": "10"}, "trakt": "62318", "imdb": "tt1842127", "year": "2011"}, {"lastupdate": {"1": 1492834281, "2": 1501103567.0}, "tmdb": "68001", "title": "Powerless", "tvdb": "311786", "season": {"1": "9"}, "trakt": "107739", "imdb": "tt5083928", "year": "2017"}, {"lastupdate": {"1": 1492575029}, "tmdb": "66789", "title": "24 Legacy", "tvdb": "311787", "season": {"1": "12"}, "trakt": "107716", "imdb": "tt5345490", "year": "2017"}, {"lastupdate": {"1": 1494670293}, "tmdb": "69050", "title": "Riverdale", "tvdb": "311954", "season": {"1": "13"}, "trakt": "107837", "imdb": "tt5420376", "year": "2017"}, {"lastupdate": {"1": 1482091840, "2": 1482091840}, "tmdb": "39510", "title": "Touch (2012)", "tvdb": "248935", "season": {"1": "13", "2": "13"}, "trakt": "39337", "imdb": "tt1821681", "year": "2012"}, {"lastupdate": {"1": 1485213072, "3": 1485213072, "2": 1485213072}, "tmdb": "61222", "title": "BoJack Horseman", "tvdb": "282254", "season": {"1": "12", "3": "12", "2": "12"}, "trakt": "60730", "imdb": "tt3398228", "year": "2014"}, {"lastupdate": {"1": 1482091823, "3": 1482091823, "2": 1482091823}, "tmdb": "33025", "title": "The Borgias", "tvdb": "187881", "season": {"1": "9", "3": "10", "2": "10"}, "trakt": "32880", "imdb": "tt1582457", "year": "2011"}, {"lastupdate": {"1": 1482091869, "3": 1482091869, "2": 1482091869, "4": 1494670280}, "tmdb": "49011", "title": "Mom", "tvdb": "266967", "season": {"1": "22", "3": "22", "2": "22", "4": "22"}, "trakt": "48704", "imdb": "tt2660806", "year": "2013"}, {"lastupdate": {"11": 1482091735, "10": 1482091735, "12": 1495275098, "1": 1482091735, "3": 1482091735, "2": 1482091735, "5": 1482091735, "4": 1482091735, "7": 1482091735, "6": 1482091735, "9": 1482091735, "8": 1482091735}, "tmdb": "1622", "title": "Supernatural", "tvdb": "78901", "season": {"11": "23", "10": "23", "12": "23", "1": "22", "3": "16", "2": "22", "5": "22", "4": "22", "7": "23", "6": "22", "9": "23", "8": "23"}, "trakt": "1611", "imdb": "tt0460681", "year": "2005"}, {"lastupdate": {"1": 1482091800, "3": 1482091800, "2": 1482091800}, "tmdb": "46296", "title": "Spartacus", "tvdb": "129261", "season": {"1": "13", "3": "10", "2": "10"}, "trakt": "46038", "imdb": "tt1442449", "year": "2010"}, {"lastupdate": {"11": 1482091641, "10": 1482091641, "1": 1482091641, "3": 1482091641, "2": 1482091641, "5": 1482091641, "4": 1482091641, "7": 1482091641, "6": 1482091641, "9": 1482091641, "8": 1482091641}, "tmdb": "4239", "title": "Married... with Children", "tvdb": "76385", "season": {"11": "24", "10": "26", "1": "13", "3": "22", "2": "22", "5": "25", "4": "23", "7": "26", "6": "26", "9": "26", "8": "26"}, "trakt": "4215", "imdb": "tt0092400", "year": "1987"}, {"lastupdate": {"1": 1482864664, "3": 1482864664, "2": 1482864664}, "tmdb": "253", "title": "Star Trek", "tvdb": "77526", "season": {"1": "29", "3": "24", "2": "26"}, "trakt": "252", "imdb": "tt0060028", "year": "1966"}, {"lastupdate": {"10": 1482091642, "1": 1482091642, "3": 1482091642, "2": 1482091642, "5": 1482091642, "4": 1482091642, "7": 1482091642, "6": 1482091642, "9": 1482091642, "8": 1482091642}, "tmdb": "2025", "title": "Beverly Hills, 90210", "tvdb": "74936", "season": {"10": "27", "1": "22", "3": "30", "2": "28", "5": "32", "4": "32", "7": "32", "6": "32", "9": "26", "8": "32"}, "trakt": "2012", "imdb": "tt0098749", "year": "1990"}, {"lastupdate": {"1": 1482091674, "3": 1482091674, "2": 1482091674, "5": 1482091674, "4": 1482091674}, "tmdb": "2046", "title": "Alias", "tvdb": "75930", "season": {"1": "22", "3": "22", "2": "22", "5": "17", "4": "22"}, "trakt": "2033", "imdb": "tt0285333", "year": "2001"}, {"lastupdate": {"1": 1482091892, "3": 1496225471, "2": 1482091892}, "tmdb": "60708", "title": "Gotham", "tvdb": "274431", "season": {"1": "22", "3": "20", "2": "22"}, "trakt": "60278", "imdb": "tt3749900", "year": "2014"}, {"lastupdate": {"24": 1482091642, "25": 1482091642, "26": 1482091642, "27": 1482091642, "20": 1482091642, "21": 1482091642, "22": 1482091642, "23": 1482091642, "28": 1495534327, "1": 1482091642, "3": 1482091642, "2": 1482091642, "5": 1482091642, "4": 1482091642, "7": 1482091642, "6": 1482091642, "9": 1482091642, "8": 1482091642, "11": 1482091642, "10": 1482091642, "13": 1482091642, "12": 1482091642, "15": 1482091642, "14": 1482091642, "17": 1482091642, "16": 1482091642, "19": 1482091642, "18": 1482091642}, "tmdb": "456", "title": "The Simpsons", "tvdb": "71663", "season": {"24": "22", "25": "22", "26": "22", "27": "22", "20": "21", "21": "23", "22": "22", "23": "22", "28": "22", "1": "13", "3": "24", "2": "22", "5": "22", "4": "22", "7": "25", "6": "25", "9": "25", "8": "25", "11": "22", "10": "23", "13": "22", "12": "21", "15": "22", "14": "22", "17": "22", "16": "21", "19": "20", "18": "22"}, "trakt": "455", "imdb": "tt0096697", "year": "1989"}, {"lastupdate": {"1": 1482091723, "3": 1482091723, "2": 1482091723, "5": 1482091723, "4": 1482091723, "7": 1482091723, "6": 1482091723, "8": 1482091723}, "tmdb": "1940", "title": "Entourage", "tvdb": "74543", "season": {"1": "8", "3": "20", "2": "14", "5": "12", "4": "12", "7": "10", "6": "12", "8": "8"}, "trakt": "1927", "imdb": "tt0387199", "year": "2004"}, {"lastupdate": {"1": 1482091808, "3": 1482091808, "2": 1482091808, "5": 1482091808, "4": 1482091808, "7": 1482091808, "6": 1482091808}, "tmdb": "32895", "title": "Rizzoli and Isles", "tvdb": "161461", "season": {"1": "10", "3": "15", "2": "15", "5": "18", "4": "16", "7": "13", "6": "18"}, "trakt": "32753", "imdb": "tt1551632", "year": "2010"}, {"lastupdate": {"1": 1482091775, "3": 1482091775, "2": 1482091775, "5": 1482091775, "4": 1482091775}, "tmdb": "1705", "title": "Fringe", "tvdb": "82066", "season": {"1": "20", "3": "22", "2": "23", "5": "13", "4": "22"}, "trakt": "1693", "imdb": "tt1119644", "year": "2008"}, {"lastupdate": {"24": 1482091668, "25": 1482091668, "26": 1482091668, "27": 1482091668, "20": 1482091668, "21": 1482091668, "22": 1482091668, "23": 1482091668, "28": 1482091668, "29": 1482091668, "1": 1482091668, "3": 1482091668, "2": 1482091668, "5": 1482091668, "4": 1482091668, "7": 1482091668, "6": 1482091668, "9": 1482091668, "8": 1482091668, "11": 1482091668, "10": 1482091668, "13": 1482091668, "12": 1482091668, "15": 1482091668, "14": 1482091668, "17": 1482091668, "16": 1482091668, "19": 1482091668, "18": 1482091668, "31": 1482091668, "30": 1482091668, "34": 1495793501, "33": 1482091668, "32": 1482091668}, "tmdb": "14658", "title": "Survivor", "tvdb": "76733", "season": {"24": "15", "25": "15", "26": "15", "27": "15", "20": "15", "21": "16", "22": "15", "23": "16", "28": "14", "29": "15", "1": "14", "3": "15", "2": "16", "5": "15", "4": "15", "7": "15", "6": "15", "9": "15", "8": "18", "11": "15", "10": "15", "13": "16", "12": "16", "15": "15", "14": "15", "17": "14", "16": "15", "19": "16", "18": "15", "31": "15", "30": "15", "34": "13", "33": "15", "32": "15"}, "trakt": "14594", "imdb": "tt0239195", "year": "2000"}, {"lastupdate": {"11": 1482091737, "10": 1482091737, "12": 1494562253, "1": 1482091737, "3": 1482091737, "2": 1482091737, "5": 1482091737, "4": 1482091737, "7": 1482091737, "6": 1482091737, "9": 1482091737, "8": 1482091737}, "tmdb": "4057", "title": "Criminal Minds", "tvdb": "75710", "season": {"11": "22", "10": "23", "12": "22", "1": "22", "3": "20", "2": "23", "5": "23", "4": "26", "7": "24", "6": "24", "9": "24", "8": "24"}, "trakt": "4033", "imdb": "tt0452046", "year": "2005"}, {"lastupdate": {"1": 1482091792, "3": 1482091792, "2": 1482091792, "5": 1482091792, "4": 1482091792, "6": 1482091792}, "tmdb": "18520", "title": "Drop Dead Diva", "tvdb": "95771", "season": {"1": "13", "3": "13", "2": "13", "5": "13", "4": "13", "6": "13"}, "trakt": "18436", "imdb": "tt1280822", "year": "2009"}, {"lastupdate": {"1": 1482091837, "3": 1482091837, "2": 1482091837, "5": 1482091837, "4": 1482091837, "6": 1494929482}, "tmdb": "39272", "title": "Once Upon a Time (2011)", "tvdb": "248835", "season": {"1": "22", "3": "22", "2": "22", "5": "23", "4": "23", "6": "22"}, "trakt": "39108", "imdb": "tt1843230", "year": "2011"}, {"lastupdate": {"1": 1482091641, "3": 1482091641, "2": 1482091641, "5": 1482091641, "4": 1482091641, "7": 1482091641, "6": 1482091641, "8": 1482091641}, "tmdb": "4313", "title": "Full House", "tvdb": "70500", "season": {"1": "22", "3": "24", "2": "22", "5": "26", "4": "26", "7": "24", "6": "24", "8": "24"}, "trakt": "4289", "imdb": "tt0092359", "year": "1987"}, {"lastupdate": {"1": 1482091809, "3": 1482091809, "2": 1482091809, "5": 1482091809, "4": 1482091809}, "tmdb": "31631", "title": "Covert Affairs", "tvdb": "104281", "season": {"1": "11", "3": "16", "2": "16", "5": "16", "4": "16"}, "trakt": "31494", "imdb": "tt1495708", "year": "2010"}, {"lastupdate": {"10": 1494670309, "1": 1482091763, "3": 1482091763, "2": 1482091763, "5": 1482091763, "4": 1482091763, "7": 1482091763, "6": 1482091763, "9": 1482091763, "8": 1482091763}, "tmdb": "1418", "title": "The Big Bang Theory", "tvdb": "80379", "season": {"10": "24", "1": "17", "3": "23", "2": "23", "5": "24", "4": "24", "7": "24", "6": "24", "9": "24", "8": "24"}, "trakt": "1409", "imdb": "tt0898266", "year": "2007"}, {"lastupdate": {"1": 1482091780, "3": 1482091780, "2": 1482091780, "5": 1482091780, "4": 1482091780}, "tmdb": "7482", "title": "Leverage", "tvdb": "82339", "season": {"1": "13", "3": "16", "2": "15", "5": "15", "4": "18"}, "trakt": "7438", "imdb": "tt1103987", "year": "2008"}, {"lastupdate": {"1": 1482091885, "3": 1482091885, "2": 1482091885}, "tmdb": "60804", "title": "The Night Shift", "tvdb": "269640", "season": {"1": "8", "3": "13", "2": "14"}, "trakt": "60362", "imdb": "tt2477230", "year": "2014"}, {"lastupdate": {"1": 1482091757, "3": 1482091757, "2": 1482091757, "4": 1482091757}, "tmdb": "2942", "title": "The Tudors", "tvdb": "79925", "season": {"1": "10", "3": "8", "2": "10", "4": "10"}, "trakt": "2922", "imdb": "tt0758790", "year": "2007"}, {"lastupdate": {"1": 1482091793, "3": 1482091793, "2": 1482091793, "5": 1482091793, "4": 1482091793, "7": 1482091793, "6": 1482091793, "8": 1489310394}, "tmdb": "18165", "title": "The Vampire Diaries", "tvdb": "95491", "season": {"1": "22", "3": "22", "2": "22", "5": "22", "4": "23", "7": "22", "6": "22", "8": "16"}, "trakt": "18083", "imdb": "tt1405406", "year": "2009"}, {"lastupdate": {"1": 1482091638, "3": 1482091638, "2": 1482091638, "5": 1482091638, "4": 1482091638, "7": 1482091638, "6": 1482091638}, "tmdb": "5273", "title": "Alfred Hitchcock Presents", "tvdb": "73614", "season": {"1": "39", "3": "39", "2": "39", "5": "38", "4": "36", "7": "39", "6": "38"}, "trakt": "5246", "imdb": "tt0047708", "year": "1955"}, {"lastupdate": {"1": 1482091638, "3": 1482091638, "2": 1482091638, "5": 1482091638, "4": 1482091638}, "tmdb": "6357", "title": "The Twilight Zone", "tvdb": "73587", "season": {"1": "36", "3": "37", "2": "29", "5": "36", "4": "18"}, "trakt": "6318", "imdb": "tt0052520", "year": "1959"}, {"lastupdate": {"1": 1482091638}, "tmdb": "103", "title": "The Time Tunnel", "tvdb": "77268", "season": {"1": "30"}, "trakt": "102", "imdb": "tt0060036", "year": "1966"}, {"lastupdate": {"1": 1484765926, "2": 1484765926}, "tmdb": "926", "title": "Scooby-Doo, Where Are You!", "tvdb": "78260", "season": {"1": "17", "2": "8"}, "trakt": "921", "imdb": "tt0063950", "year": "1969"}, {"lastupdate": {"1": 1482091639, "3": 1482091639, "2": 1482091639, "5": 1482091639, "4": 1482091639, "7": 1482091639, "6": 1482091639, "8": 1482091639}, "tmdb": "1550", "title": "The Tomorrow People", "tvdb": "72458", "season": {"1": "13", "3": "13", "2": "13", "5": "6", "4": "7", "7": "6", "6": "6", "8": "4"}, "trakt": "1539", "imdb": "tt0069647", "year": "1973"}, {"lastupdate": {"1": 1482091639, "3": 1482091639, "2": 1482091639, "5": 1482091639, "4": 1482091639}, "tmdb": "1663", "title": "The Six Million Dollar Man", "tvdb": "77294", "season": {"1": "13", "3": "23", "2": "22", "5": "21", "4": "23"}, "trakt": "1652", "imdb": "tt0071054", "year": "1974"}, {"lastupdate": {"1": 1482091639, "2": 1482091639}, "tmdb": "2207", "title": "Fawlty Towers", "tvdb": "75932", "season": {"1": "6", "2": "6"}, "trakt": "2194", "imdb": "tt0072500", "year": "1975"}, {"lastupdate": {"1": 1482091639}, "tmdb": "5487", "title": "I, Claudius", "tvdb": "71046", "season": {"1": "12"}, "trakt": "5460", "imdb": "tt0074006", "year": "1976"}, {"lastupdate": {"10": 1482091639, "1": 1482091639, "3": 1482091639, "2": 1482091639, "5": 1482091639, "4": 1482091639, "7": 1482091639, "6": 1482091639, "9": 1482091639, "8": 1482091639}, "tmdb": "1823", "title": "The Love Boat", "tvdb": "76954", "season": {"10": "4", "1": "25", "3": "28", "2": "27", "5": "31", "4": "28", "7": "27", "6": "29", "9": "25", "8": "27"}, "trakt": "1811", "imdb": "tt0075529", "year": "1977"}, {"lastupdate": {"1": 1483294280, "3": 1483294280, "2": 1483294280, "4": 1483294280}, "tmdb": "3295", "title": "Soap", "tvdb": "77370", "season": {"1": "25", "3": "22", "2": "23", "4": "21"}, "trakt": "3274", "imdb": "tt0075584", "year": "1977"}, {"lastupdate": {"11": 1482091639, "10": 1482091639, "13": 1482091639, "12": 1482091639, "14": 1482091639, "1": 1482091639, "3": 1482091639, "2": 1482091639, "5": 1482091639, "4": 1482091639, "7": 1482091639, "6": 1482091639, "9": 1482091639, "8": 1482091639}, "tmdb": "40", "title": "Dallas", "tvdb": "77092", "season": {"11": "30", "10": "29", "13": "27", "12": "26", "14": "23", "1": "5", "3": "25", "2": "24", "5": "26", "4": "23", "7": "30", "6": "28", "9": "31", "8": "30"}, "trakt": "40", "imdb": "tt0077000", "year": "1978"}, {"lastupdate": {"1": 1482091639, "2": 1482091639}, "tmdb": "13826", "title": "Monkey", "tvdb": "78563", "season": {"1": "26", "2": "26"}, "trakt": "13766", "imdb": "tt0078659", "year": "1978"}, {"lastupdate": {"1": 1483294281}, "tmdb": "1430", "title": "Cosmos", "tvdb": "74995", "season": {"1": "13"}, "trakt": "1421", "imdb": "tt0081846", "year": "1980"}, {"lastupdate": {"1": 1482091640}, "tmdb": "13397", "title": "Masada", "tvdb": "85185", "season": {"1": "4"}, "trakt": "13339", "imdb": "tt0081900", "year": "1981"}, {"lastupdate": {"1": 1482091640, "3": 1482091640, "2": 1482091640, "4": 1482091640}, "tmdb": "2384", "title": "Knight Rider", "tvdb": "77216", "season": {"1": "22", "3": "22", "2": "24", "4": "22"}, "trakt": "2370", "imdb": "tt0083437", "year": "1982"}, {"lastupdate": {"1": 1482091640}, "tmdb": "20053", "title": "Smileys People", "tvdb": "78246", "season": {"1": "6"}, "trakt": "19960", "imdb": "tt0083480", "year": "1982"}, {"lastupdate": {"1": 1482091640}, "tmdb": "5391", "title": "Voyagers!", "tvdb": "74579", "season": {"1": "20"}, "trakt": "5364", "imdb": "tt0083500", "year": "1982"}, {"lastupdate": {"1": 1482091640, "3": 1482091640, "2": 1482091640, "5": 1482091640, "4": 1482091640}, "tmdb": "1516", "title": "The A-Team", "tvdb": "77904", "season": {"1": "14", "3": "25", "2": "23", "5": "13", "4": "23"}, "trakt": "1506", "imdb": "tt0084967", "year": "1983"}, {"lastupdate": {"1": 1482091640, "2": 1482091640}, "tmdb": "727", "title": "Return to Eden", "tvdb": "74274", "season": {"1": "3", "2": "22"}, "trakt": "725", "imdb": "tt0085079", "year": "1983"}, {"lastupdate": {"1": 1482091640}, "tmdb": "42240", "title": "The Winds of War", "tvdb": "83637", "season": {"1": "7"}, "trakt": "42017", "imdb": "tt0085112", "year": "1983"}, {"lastupdate": {"1": 1482091640, "3": 1482091640, "2": 1482091640, "4": 1482091640}, "tmdb": "2119", "title": "Airwolf", "tvdb": "73200", "season": {"1": "12", "3": "22", "2": "22", "4": "24"}, "trakt": "2106", "imdb": "tt0086662", "year": "1984"}, {"lastupdate": {"1": 1482091640, "3": 1482091640, "2": 1482091640, "5": 1482091640, "4": 1482091640, "7": 1482091640, "6": 1482091640}, "tmdb": "2875", "title": "MacGyver", "tvdb": "77847", "season": {"1": "22", "3": "20", "2": "22", "5": "21", "4": "19", "7": "14", "6": "21"}, "trakt": "2856", "imdb": "tt0088559", "year": "1985"}, {"lastupdate": {"1": 1482091640, "3": 1482091640, "2": 1482091640}, "tmdb": "3266", "title": "North and South", "tvdb": "81645", "season": {"1": "6", "3": "3", "2": "6"}, "trakt": "3246", "imdb": "tt0088583", "year": "1985"}, {"lastupdate": {"1": 1482091640, "3": 1482091640, "2": 1482091640, "4": 1482091640}, "tmdb": "2898", "title": "Small Wonder", "tvdb": "72206", "season": {"1": "24", "3": "26", "2": "24", "4": "24"}, "trakt": "2879", "imdb": "tt0088610", "year": "1985"}, {"lastupdate": {"1": 1482091640, "3": 1482091640, "2": 1482091640, "4": 1482091640}, "tmdb": "1988", "title": "ThunderCats", "tvdb": "70355", "season": {"1": "65", "3": "20", "2": "20", "4": "20"}, "trakt": "1975", "imdb": "tt0088631", "year": "1985"}, {"lastupdate": {"1": 1482091640, "3": 1482091640, "2": 1482091640, "4": 1482091641}, "tmdb": "4658", "title": "ALF", "tvdb": "78020", "season": {"1": "26", "3": "26", "2": "26", "4": "24"}, "trakt": "4634", "imdb": "tt0090390", "year": "1986"}, {"lastupdate": {"1": 1482091641, "2": 1482091641}, "tmdb": "5303", "title": "Jim Hensons The Storyteller", "tvdb": "77747", "season": {"1": "9", "2": "4"}, "trakt": "5276", "imdb": "tt0092383", "year": "1988"}, {"lastupdate": {"1": 1482091641, "2": 1482091641}, "tmdb": "9146", "title": "Eyes on the Prize", "tvdb": "84630", "season": {"1": "6", "2": "8"}, "trakt": "9099", "imdb": "tt0092999", "year": "1987"}, {"lastupdate": {"1": 1482091641, "3": 1482091641, "2": 1482091641}, "tmdb": "13793", "title": "The Chronicles of Narnia", "tvdb": "78930", "season": {"1": "6", "3": "6", "2": "6"}, "trakt": "13733", "imdb": "tt0094500", "year": "1988"}, {"lastupdate": {"11": 1482091641, "10": 1482091641, "1": 1482091641, "3": 1482091641, "2": 1482091641, "5": 1482091641, "4": 1482091641, "7": 1482091641, "6": 1482091641, "9": 1482091641, "8": 1482091641}, "tmdb": "326", "title": "Red Dwarf", "tvdb": "71326", "season": {"11": "6", "10": "6", "1": "6", "3": "6", "2": "6", "5": "6", "4": "6", "7": "8", "6": "6", "9": "3", "8": "8"}, "trakt": "325", "imdb": "tt0094535", "year": "1988"}, {"lastupdate": {"1": 1482091641, "3": 1482091641, "2": 1482091641, "5": 1482091641, "4": 1482091641, "7": 1482091641, "6": 1482091641, "9": 1482091641, "8": 1482091641}, "tmdb": "2685", "title": "Family Matters", "tvdb": "76732", "season": {"1": "22", "3": "25", "2": "25", "5": "24", "4": "24", "7": "24", "6": "25", "9": "22", "8": "24"}, "trakt": "2667", "imdb": "tt0096579", "year": "1989"}, {"lastupdate": {"1": 1482091642}, "tmdb": "4327", "title": "Mr. Bean", "tvdb": "76316", "season": {"1": "14"}, "trakt": "4303", "imdb": "tt0096657", "year": "1990"}, {"lastupdate": {"1": 1482091641, "3": 1482091641, "2": 1482091641, "4": 1482091641}, "tmdb": "4345", "title": "Saved by the Bell", "tvdb": "79172", "season": {"1": "16", "3": "26", "2": "18", "4": "26"}, "trakt": "4321", "imdb": "tt0096694", "year": "1989"}, {"lastupdate": {"1": 1482091642, "3": 1482091642, "2": 1482091642, "5": 1482091642, "4": 1482091642, "6": 1482091642}, "tmdb": "1088", "title": "Dream On", "tvdb": "71436", "season": {"1": "14", "3": "26", "2": "15", "5": "13", "4": "25", "6": "27"}, "trakt": "1083", "imdb": "tt0098780", "year": "1990"}, {"lastupdate": {"1": 1482091642}, "tmdb": "236", "title": "The Flash", "tvdb": "78650", "season": {"1": "22"}, "trakt": "235", "imdb": "tt0098798", "year": "1990"}, {"lastupdate": {"1": 1482091642, "3": 1482091642, "2": 1482091642, "5": 1482091642, "4": 1482091642, "6": 1482091642}, "tmdb": "1892", "title": "The Fresh Prince of Bel-Air", "tvdb": "76738", "season": {"1": "25", "3": "24", "2": "24", "5": "25", "4": "26", "6": "24"}, "trakt": "1879", "imdb": "tt0098800", "year": "1990"}, {"lastupdate": {"1": 1482091642, "3": 1482091642, "2": 1482091642, "5": 1482091642, "4": 1482091642}, "tmdb": "34", "title": "Keeping Up Appearances", "tvdb": "78079", "season": {"1": "6", "3": "7", "2": "10", "5": "10", "4": "7"}, "trakt": "34", "imdb": "tt0098837", "year": "1990"}, {"lastupdate": {"11": 1482091642, "10": 1482091642, "13": 1482091642, "12": 1482091642, "15": 1482091642, "14": 1482091642, "17": 1482091642, "16": 1482091642, "19": 1482091642, "18": 1482091642, "20": 1482091642, "1": 1482091642, "3": 1482091642, "2": 1482091642, "5": 1482091642, "4": 1482091642, "7": 1482091642, "6": 1482091642, "9": 1482091642, "8": 1482091642}, "tmdb": "549", "title": "Law and Order", "tvdb": "72368", "season": {"11": "24", "10": "24", "13": "24", "12": "24", "15": "24", "14": "24", "17": "22", "16": "22", "19": "22", "18": "18", "20": "23", "1": "22", "3": "22", "2": "22", "5": "23", "4": "22", "7": "23", "6": "23", "9": "24", "8": "24"}, "trakt": "548", "imdb": "tt0098844", "year": "1990"}, {"lastupdate": {"1": 1482091642, "3": 1482091642, "2": 1482091642, "5": 1482091642, "4": 1482091642, "6": 1482091642}, "tmdb": "4396", "title": "Northern Exposure", "tvdb": "71383", "season": {"1": "8", "3": "23", "2": "7", "5": "24", "4": "25", "6": "23"}, "trakt": "4372", "imdb": "tt0098878", "year": "1990"}, {"lastupdate": {"1": 1482091641, "3": 1482091641, "2": 1482091641, "5": 1482091641, "4": 1482091641, "7": 1482091641, "6": 1482091641, "9": 1482091641, "8": 1482091641}, "tmdb": "1400", "title": "Seinfeld", "tvdb": "79169", "season": {"1": "5", "3": "23", "2": "12", "5": "22", "4": "24", "7": "24", "6": "24", "9": "24", "8": "22"}, "trakt": "1391", "imdb": "tt0098904", "year": "1989"}, {"lastupdate": {"1": 1482864682, "3": 1482864682, "2": 1482864682}, "tmdb": "1830", "title": "Tiny Toon Adventures", "tvdb": "73704", "season": {"1": "65", "3": "24", "2": "13"}, "trakt": "1818", "imdb": "tt0098929", "year": "1990"}, {"lastupdate": {"1": 1482091642, "2": 1482091642}, "tmdb": "1920", "title": "Twin Peaks", "tvdb": "70533", "season": {"1": "8", "2": "22"}, "trakt": "1907", "imdb": "tt0098936", "year": "1990"}, {"lastupdate": {"1": 1482091642, "3": 1482091642, "2": 1482091642, "5": 1482091642, "4": 1482091642, "7": 1482091642, "6": 1482091642}, "tmdb": "4349", "title": "Melrose Place", "tvdb": "76577", "season": {"1": "32", "3": "32", "2": "32", "5": "34", "4": "34", "7": "35", "6": "27"}, "trakt": "4325", "imdb": "tt0103491", "year": "1992"}, {"lastupdate": {"1": 1482091643, "3": 1482091643, "2": 1482091643, "5": 1482091643, "4": 1482091643}, "tmdb": "3137", "title": "Babylon 5", "tvdb": "70726", "season": {"1": "22", "3": "22", "2": "22", "5": "22", "4": "22"}, "trakt": "3117", "imdb": "tt0105946", "year": "1993"}, {"lastupdate": {"11": 1482091643, "10": 1482091643, "1": 1482091643, "3": 1482091643, "2": 1482091643, "5": 1482091643, "4": 1482091643, "7": 1482091643, "6": 1482091643, "9": 1482091643, "8": 1482091643}, "tmdb": "3452", "title": "Frasier", "tvdb": "77811", "season": {"11": "24", "10": "24", "1": "24", "3": "24", "2": "24", "5": "24", "4": "24", "7": "24", "6": "24", "9": "24", "8": "24"}, "trakt": "3430", "imdb": "tt0106004", "year": "1993"}, {"lastupdate": {"1": 1483812714, "3": 1483812714, "2": 1483812714, "5": 1483812714, "4": 1483812714, "7": 1483812714, "6": 1483812714}, "tmdb": "4464", "title": "Homicide Life On The Street", "tvdb": "70727", "season": {"1": "9", "3": "20", "2": "4", "5": "22", "4": "22", "7": "22", "6": "23"}, "trakt": "4440", "imdb": "tt0106028", "year": "1993"}, {"lastupdate": {"1": 1482091643, "3": 1482091643, "2": 1482091643, "5": 1482091643, "4": 1482091643, "6": 1482091643}, "tmdb": "2352", "title": "The Nanny", "tvdb": "75675", "season": {"1": "22", "3": "27", "2": "26", "5": "23", "4": "26", "6": "22"}, "trakt": "2338", "imdb": "tt0106080", "year": "1993"}, {"lastupdate": {"1": 1483812714, "3": 1483812714, "2": 1483812714, "5": 1483812714, "4": 1483812714, "7": 1483812714, "6": 1483812714}, "tmdb": "580", "title": "Star Trek Deep Space Nine", "tvdb": "72073", "season": {"1": "20", "3": "26", "2": "26", "5": "26", "4": "26", "7": "26", "6": "26"}, "trakt": "579", "imdb": "tt0106145", "year": "1993"}, {"lastupdate": {"1": 1482091643, "3": 1482091643, "2": 1482091643, "5": 1482091643, "4": 1482091643, "7": 1482091643, "6": 1482091643, "9": 1482091643, "8": 1482091643}, "tmdb": "3772", "title": "Walker, Texas Ranger", "tvdb": "73756", "season": {"1": "3", "3": "25", "2": "24", "5": "27", "4": "26", "7": "23", "6": "25", "9": "24", "8": "25"}, "trakt": "3749", "imdb": "tt0106168", "year": "1993"}, {"lastupdate": {"10": 1482091643, "1": 1482091643, "3": 1482091643, "2": 1482091643, "5": 1482091643, "4": 1482091643, "7": 1482091643, "6": 1482091643, "9": 1482091643, "8": 1482091643}, "tmdb": "4087", "title": "The X-Files", "tvdb": "77398", "season": {"10": "6", "1": "24", "3": "24", "2": "25", "5": "20", "4": "24", "7": "22", "6": "22", "9": "20", "8": "21"}, "trakt": "4063", "imdb": "tt0106179", "year": "1993"}, {"lastupdate": {"10": 1482091643, "1": 1482091643, "3": 1482091643, "2": 1482091643, "5": 1482091643, "4": 1482091643, "7": 1482091643, "6": 1482091643, "9": 1482091643, "8": 1482091643}, "tmdb": "1668", "title": "Friends", "tvdb": "79168", "season": {"10": "18", "1": "24", "3": "25", "2": "24", "5": "24", "4": "24", "7": "24", "6": "25", "9": "24", "8": "24"}, "trakt": "1657", "imdb": "tt0108778", "year": "1994"}, {"lastupdate": {"1": 1482091643, "2": 1482091643}, "tmdb": "4267", "title": "The Kingdom", "tvdb": "79137", "season": {"1": "4", "2": "4"}, "trakt": "4243", "imdb": "tt0108906", "year": "1994"}, {"lastupdate": {"1": 1482091643}, "tmdb": "9045", "title": "The Stand", "tvdb": "79866", "season": {"1": "4"}, "trakt": "8998", "imdb": "tt0108941", "year": "1994"}, {"lastupdate": {"1": 1482091644}, "tmdb": "890", "title": "Neon Genesis Evangelion", "tvdb": "70350", "season": {"1": "26"}, "trakt": "885", "imdb": "tt0112159", "year": "1995"}, {"lastupdate": {"1": 1482091643, "3": 1482091643, "2": 1482091643, "5": 1482091643, "4": 1482091643}, "tmdb": "1649", "title": "Sliders", "tvdb": "76557", "season": {"1": "10", "3": "25", "2": "13", "5": "18", "4": "22"}, "trakt": "1638", "imdb": "tt0112167", "year": "1995"}, {"lastupdate": {"1": 1482091643, "3": 1482091643, "2": 1482091643, "5": 1482091643, "4": 1482091643, "7": 1482091643, "6": 1482091643}, "tmdb": "1855", "title": "Star Trek Voyager", "tvdb": "74550", "season": {"1": "16", "3": "26", "2": "26", "5": "26", "4": "26", "7": "26", "6": "26"}, "trakt": "1843", "imdb": "tt0112178", "year": "1995"}, {"lastupdate": {"1": 1482091643, "3": 1482091643, "2": 1482091643, "5": 1482091643, "4": 1482091643, "6": 1482091643}, "tmdb": "4616", "title": "Xena Warrior Princess", "tvdb": "77799", "season": {"1": "24", "3": "22", "2": "22", "5": "22", "4": "22", "6": "22"}, "trakt": "4592", "imdb": "tt0112230", "year": "1995"}, {"lastupdate": {"1": 1482091644, "3": 1482091644, "2": 1482091644, "4": 1482091644}, "tmdb": "1716", "title": "Early Edition", "tvdb": "74295", "season": {"1": "23", "3": "23", "2": "22", "4": "22"}, "trakt": "1704", "imdb": "tt0115163", "year": "1996"}, {"lastupdate": {"1": 1482091644, "3": 1482091644, "2": 1482091644, "5": 1482091644, "4": 1482091644, "7": 1482091644, "6": 1482091644, "9": 1482091644, "8": 1482091644}, "tmdb": "2140", "title": "Everybody Loves Raymond", "tvdb": "73663", "season": {"1": "22", "3": "26", "2": "25", "5": "25", "4": "24", "7": "25", "6": "24", "9": "16", "8": "23"}, "trakt": "2127", "imdb": "tt0115167", "year": "1996"}, {"lastupdate": {"1": 1483294355}, "tmdb": "10371", "title": "Flash Forward", "tvdb": "77954", "season": {"1": "1"}, "trakt": "10320", "imdb": "tt0115173", "year": "1997"}, {"lastupdate": {"1": 1482091644, "3": 1482091644, "2": 1482091644, "5": 1482091644, "4": 1482091644, "7": 1482091644, "6": 1482091644}, "tmdb": "605", "title": "Sabrina The Teenage Witch", "tvdb": "76876", "season": {"1": "24", "3": "25", "2": "26", "5": "22", "4": "22", "7": "22", "6": "22"}, "trakt": "604", "imdb": "tt0115341", "year": "1996"}, {"lastupdate": {"1": 1482091645, "2": 1482091645}, "tmdb": "4625", "title": "The New Batman Adventures", "tvdb": "77084", "season": {"1": "13", "2": "11"}, "trakt": "4601", "imdb": "tt0118266", "year": "1997"}, {"lastupdate": {"1": 1482091644, "3": 1482091644, "2": 1482091644, "5": 1482091644, "4": 1482091644, "7": 1482091644, "6": 1482091644}, "tmdb": "95", "title": "Buffy the Vampire Slayer", "tvdb": "70327", "season": {"1": "12", "3": "22", "2": "22", "5": "22", "4": "22", "7": "22", "6": "22"}, "trakt": "94", "imdb": "tt0118276", "year": "1997"}, {"lastupdate": {"1": 1484765953, "3": 1484765953, "2": 1484765953, "5": 1484765953, "4": 1484765953}, "tmdb": "2131", "title": "Daria", "tvdb": "77996", "season": {"1": "13", "3": "13", "2": "13", "5": "13", "4": "13"}, "trakt": "2118", "imdb": "tt0118298", "year": "1997"}, {"lastupdate": {"1": 1482091644, "3": 1482091644, "2": 1482091644, "5": 1482091644, "4": 1482091644}, "tmdb": "167", "title": "La Femme Nikita", "tvdb": "78527", "season": {"1": "22", "3": "22", "2": "22", "5": "8", "4": "22"}, "trakt": "166", "imdb": "tt0118379", "year": "1997"}, {"lastupdate": {"1": 1482091644}, "tmdb": "31050", "title": "The Last Don", "tvdb": "85029", "season": {"1": "3"}, "trakt": "30915", "imdb": "tt0118381", "year": "1997"}, {"lastupdate": {"1": 1482091644, "3": 1482091644, "2": 1482091644, "5": 1482091644, "4": 1482091644, "6": 1482091644}, "tmdb": "3322", "title": "Oz", "tvdb": "70682", "season": {"1": "8", "3": "8", "2": "8", "5": "8", "4": "16", "6": "8"}, "trakt": "3300", "imdb": "tt0118421", "year": "1997"}, {"lastupdate": {"10": 1482091644, "1": 1482091644, "3": 1482091644, "2": 1482091644, "5": 1482091644, "4": 1482091644, "7": 1482091644, "6": 1482091644, "9": 1482091644, "8": 1482091644}, "tmdb": "4629", "title": "Stargate SG-1", "tvdb": "72449", "season": {"10": "20", "1": "22", "3": "22", "2": "22", "5": "22", "4": "22", "7": "22", "6": "22", "9": "20", "8": "20"}, "trakt": "4605", "imdb": "tt0118480", "year": "1997"}, {"lastupdate": {"11": 1482091644, "10": 1482091644, "13": 1482091644, "12": 1482091644, "15": 1482091644, "14": 1482091644, "17": 1482091644, "16": 1482091644, "19": 1482091644, "18": 1482091644, "20": 1482091644, "1": 1482091644, "3": 1482091644, "2": 1482091644, "5": 1482091644, "4": 1482091644, "7": 1482091644, "6": 1482091644, "9": 1482091644, "8": 1482091644}, "tmdb": "2190", "title": "South Park", "tvdb": "75897", "season": {"11": "14", "10": "14", "13": "14", "12": "14", "15": "14", "14": "14", "17": "10", "16": "14", "19": "10", "18": "10", "20": "10", "1": "13", "3": "17", "2": "18", "5": "14", "4": "17", "7": "15", "6": "17", "9": "14", "8": "14"}, "trakt": "2177", "imdb": "tt0121955", "year": "1997"}, {"lastupdate": {"1": 1482091645}, "tmdb": "41691", "title": "Merlin (1998)", "tvdb": "83269", "season": {"1": "3"}, "trakt": "41487", "imdb": "tt0130414", "year": "1998"}, {"lastupdate": {"10": 1482091641, "1": 1482091641, "3": 1482091641, "2": 1482091641, "5": 1482091641, "4": 1482091641, "7": 1482091641, "6": 1482091641, "9": 1482091641, "8": 1482091641}, "tmdb": "160", "title": "Teenage Mutant Ninja Turtles", "tvdb": "74582", "season": {"10": "9", "1": "5", "3": "47", "2": "13", "5": "22", "4": "39", "7": "27", "6": "16", "9": "8", "8": "8"}, "trakt": "159", "imdb": "tt0131613", "year": "1987"}, {"lastupdate": {"1": 1482091645, "3": 1482091645, "2": 1482091645, "5": 1482091645, "4": 1482091645, "6": 1482091645}, "tmdb": "1398", "title": "The Sopranos", "tvdb": "75299", "season": {"1": "13", "3": "13", "2": "13", "5": "13", "4": "13", "6": "21"}, "trakt": "1389", "imdb": "tt0141842", "year": "1999"}, {"lastupdate": {"1": 1482091671}, "tmdb": "19566", "title": "Frank Herberts Dune", "tvdb": "79551", "season": {"1": "3"}, "trakt": "19475", "imdb": "tt0142032", "year": "2000"}, {"lastupdate": {"1": 1482091645, "2": 1482091645}, "tmdb": "2198", "title": "101 Dalmatians The Series", "tvdb": "73719", "season": {"1": "21", "2": "84"}, "trakt": "2185", "imdb": "tt0144700", "year": "1997"}, {"lastupdate": {"1": 1482091664, "3": 1482091664, "2": 1482091664, "5": 1482091664, "4": 1482091664, "7": 1482091664, "6": 1482091664}, "tmdb": "615", "title": "Futurama", "tvdb": "73871", "season": {"1": "9", "3": "15", "2": "20", "5": "16", "4": "12", "7": "26", "6": "26"}, "trakt": "614", "imdb": "tt0149460", "year": "1999"}, {"lastupdate": {"1": 1482091645, "3": 1482091645, "2": 1482091645, "5": 1482091645, "4": 1482091645, "7": 1482091645, "6": 1482091645, "8": 1482091645}, "tmdb": "4454", "title": "Will and Grace", "tvdb": "71814", "season": {"1": "22", "3": "25", "2": "24", "5": "24", "4": "27", "7": "24", "6": "24", "8": "24"}, "trakt": "4430", "imdb": "tt0157246", "year": "1998"}, {"lastupdate": {"1": 1482091645, "3": 1482091645, "2": 1482091645, "5": 1482091645, "4": 1482091645, "7": 1482091645, "6": 1482091645, "8": 1482091645}, "tmdb": "1981", "title": "Charmed", "tvdb": "70626", "season": {"1": "22", "3": "22", "2": "22", "5": "23", "4": "22", "7": "22", "6": "23", "8": "22"}, "trakt": "1968", "imdb": "tt0158552", "year": "1998"}, {"lastupdate": {"1": 1482091645, "3": 1482091645, "2": 1482091645, "5": 1482091645, "4": 1482091645, "6": 1482091645}, "tmdb": "105", "title": "Sex and the City", "tvdb": "76648", "season": {"1": "12", "3": "18", "2": "18", "5": "8", "4": "18", "6": "20"}, "trakt": "104", "imdb": "tt0159206", "year": "1998"}, {"lastupdate": {"1": 1482091644}, "tmdb": "15796", "title": "Terry Pratchetts Soul Music", "tvdb": "81758", "season": {"1": "7"}, "trakt": "15730", "imdb": "tt0159914", "year": "1997"}, {"lastupdate": {"1": 1482091666, "3": 1482091666, "2": 1482091666, "5": 1482091666, "4": 1482091666}, "tmdb": "2426", "title": "Angel", "tvdb": "71035", "season": {"1": "22", "3": "22", "2": "22", "5": "22", "4": "22"}, "trakt": "2411", "imdb": "tt0162065", "year": "1999"}, {"lastupdate": {"1": 1482091645, "3": 1482091645, "2": 1482091645, "5": 1482091645, "4": 1482091645, "7": 1482091645, "6": 1482091645, "9": 1482091645, "8": 1482091645}, "tmdb": "4238", "title": "The King of Queens", "tvdb": "73641", "season": {"1": "25", "3": "25", "2": "25", "5": "25", "4": "25", "7": "22", "6": "24", "9": "13", "8": "23"}, "trakt": "4214", "imdb": "tt0165581", "year": "1998"}, {"lastupdate": {"1": 1482091645, "3": 1482091645, "2": 1482091645, "5": 1482091645, "4": 1482091645, "7": 1482091645, "6": 1482091645, "8": 1482091645}, "tmdb": "52", "title": "That 70s Show", "tvdb": "73787", "season": {"1": "25", "3": "25", "2": "26", "5": "25", "4": "27", "7": "25", "6": "25", "8": "22"}, "trakt": "52", "imdb": "tt0165598", "year": "1998"}, {"lastupdate": {"1": 1482091645}, "tmdb": "32166", "title": "The Count of Monte Cristo (1998)", "tvdb": "90531", "season": {"1": "4"}, "trakt": "32026", "imdb": "tt0167565", "year": "1998"}, {"lastupdate": {"11": 1482091662, "10": 1482091662, "13": 1482091662, "12": 1482091662, "15": 1495534261, "14": 1482091662, "1": 1482091662, "3": 1482091662, "2": 1482091662, "5": 1482091662, "4": 1482091662, "7": 1482091662, "6": 1482091662, "9": 1482091662, "8": 1482091662}, "tmdb": "1434", "title": "Family Guy", "tvdb": "75978", "season": {"11": "22", "10": "23", "13": "18", "12": "21", "15": "20", "14": "20", "1": "7", "3": "22", "2": "21", "5": "18", "4": "30", "7": "16", "6": "12", "9": "18", "8": "21"}, "trakt": "1425", "imdb": "tt0182576", "year": "1999"}, {"lastupdate": {"1": 1482091663, "2": 1482091663}, "tmdb": "2388", "title": "Queer as Folk", "tvdb": "75625", "season": {"1": "8", "2": "2"}, "trakt": "2374", "imdb": "tt0185102", "year": "1999"}, {"lastupdate": {"1": 1482091673}, "tmdb": "4613", "title": "Band of Brothers", "tvdb": "74205", "season": {"1": "10"}, "trakt": "4589", "imdb": "tt0185906", "year": "2001"}, {"lastupdate": {"1": 1482091663, "3": 1482091663, "2": 1482091663, "5": 1482091663, "4": 1482091663}, "tmdb": "4271", "title": "Farscape", "tvdb": "70522", "season": {"1": "22", "3": "22", "2": "22", "5": "2", "4": "22"}, "trakt": "4247", "imdb": "tt0187636", "year": "1999"}, {"lastupdate": {"1": 1482091666, "2": 1482091666}, "tmdb": "745", "title": "Spaced", "tvdb": "72658", "season": {"1": "7", "2": "7"}, "trakt": "743", "imdb": "tt0187664", "year": "1999"}, {"lastupdate": {"1": 1482091665, "3": 1482091665, "2": 1482091665, "5": 1482091665, "4": 1482091665, "7": 1482091665, "6": 1482091665}, "tmdb": "688", "title": "The West Wing", "tvdb": "72521", "season": {"1": "22", "3": "21", "2": "22", "5": "22", "4": "23", "7": "22", "6": "22"}, "trakt": "686", "imdb": "tt0200276", "year": "1999"}, {"lastupdate": {"1": 1482091666, "3": 1482091666, "2": 1482091666}, "tmdb": "4624", "title": "Roswell", "tvdb": "73965", "season": {"1": "22", "3": "18", "2": "21"}, "trakt": "4600", "imdb": "tt0201391", "year": "1999"}, {"lastupdate": {"11": 1482091665, "10": 1482091665, "13": 1482091665, "12": 1482091665, "15": 1482091665, "14": 1482091665, "17": 1482091665, "16": 1482091665, "18": 1495793473, "1": 1482091665, "3": 1482091665, "2": 1482091665, "5": 1482091665, "4": 1482091665, "7": 1482091665, "6": 1482091665, "9": 1482091665, "8": 1482091665}, "tmdb": "2734", "title": "Law and Order Special Victims Unit", "tvdb": "75692", "season": {"11": "24", "10": "22", "13": "23", "12": "24", "15": "24", "14": "24", "17": "23", "16": "23", "18": "21", "1": "22", "3": "23", "2": "21", "5": "25", "4": "25", "7": "22", "6": "23", "9": "19", "8": "22"}, "trakt": "2716", "imdb": "tt0203259", "year": "1999"}, {"lastupdate": {"1": 1482091670, "2": 1482091670}, "tmdb": "2407", "title": "Dark Angel", "tvdb": "76148", "season": {"1": "21", "2": "21"}, "trakt": "2393", "imdb": "tt0204993", "year": "2000"}, {"lastupdate": {"10": 1490523033, "1": 1482091664, "3": 1482091664, "2": 1482091664, "5": 1482091664, "4": 1482091664, "7": 1482091664, "6": 1482091664, "9": 1482091664, "8": 1482091664}, "tmdb": "387", "title": "SpongeBob SquarePants", "tvdb": "75886", "season": {"10": "65", "1": "41", "3": "36", "2": "36", "5": "39", "4": "33", "7": "35", "6": "34", "9": "42", "8": "26"}, "trakt": "386", "imdb": "tt0206512", "year": "1999"}, {"lastupdate": {"1": 1482091667}, "tmdb": "40546", "title": "The 10th Kingdom", "tvdb": "78886", "season": {"1": "10"}, "trakt": "40360", "imdb": "tt0207275", "year": "2000"}, {"lastupdate": {"1": 1482091645}, "tmdb": "18892", "title": "The Nazis A Warning from History", "tvdb": "80427", "season": {"1": "6"}, "trakt": "18806", "imdb": "tt0207907", "year": "1998"}, {"lastupdate": {"1": 1482091667, "3": 1482091667, "2": 1482091667, "5": 1482091667, "4": 1482091667, "7": 1482091667, "6": 1482091667}, "tmdb": "2004", "title": "Malcolm in the Middle", "tvdb": "73838", "season": {"1": "16", "3": "22", "2": "25", "5": "22", "4": "22", "7": "22", "6": "22"}, "trakt": "1991", "imdb": "tt0212671", "year": "2000"}, {"lastupdate": {"1": 1482091670, "3": 1482091670, "2": 1482091670, "5": 1482091670, "4": 1482091670}, "tmdb": "2985", "title": "Andromeda", "tvdb": "77544", "season": {"1": "22", "3": "22", "2": "22", "5": "22", "4": "22"}, "trakt": "2965", "imdb": "tt0213327", "year": "2000"}, {"lastupdate": {"1": 1482091664, "2": 1482091664}, "tmdb": "10684", "title": "Sherlock Holmes in the 22nd Century", "tvdb": "70534", "season": {"1": "17", "2": "9"}, "trakt": "10633", "imdb": "tt0218791", "year": "1999"}, {"lastupdate": {"1": 1484765963, "3": 1484765963, "2": 1484765963, "4": 1484765963}, "tmdb": "2085", "title": "Courage the Cowardly Dog", "tvdb": "77435", "season": {"1": "26", "3": "26", "2": "25", "4": "25"}, "trakt": "2072", "imdb": "tt0220880", "year": "1999"}, {"lastupdate": {"1": 1482091682}, "tmdb": "15775", "title": "Dinotopia", "tvdb": "78929", "season": {"1": "13"}, "trakt": "15709", "imdb": "tt0233044", "year": "2002"}, {"lastupdate": {"1": 1482091668, "3": 1482091668, "2": 1482091668, "4": 1482091668}, "tmdb": "2719", "title": "Coupling", "tvdb": "78131", "season": {"1": "6", "3": "7", "2": "9", "4": "6"}, "trakt": "2701", "imdb": "tt0237123", "year": "2000"}, {"lastupdate": {"11": 1483812741, "10": 1483812741, "13": 1483812741, "12": 1483812741, "15": 1483812741, "14": 1483812741, "1": 1483812740, "3": 1483812740, "2": 1483812740, "5": 1483812741, "4": 1483812741, "7": 1483812741, "6": 1483812741, "9": 1483812741, "8": 1483812741}, "tmdb": "1431", "title": "CSI Crime Scene Investigation", "tvdb": "72546", "season": {"11": "22", "10": "23", "13": "22", "12": "22", "15": "18", "14": "22", "1": "23", "3": "23", "2": "23", "5": "25", "4": "23", "7": "24", "6": "24", "9": "24", "8": "17"}, "trakt": "1422", "imdb": "tt0247082", "year": "2000"}, {"lastupdate": {"1": 1482091671, "3": 1482091671, "2": 1482091671, "4": 1482091671}, "tmdb": "668", "title": "X-Men Evolution", "tvdb": "71168", "season": {"1": "13", "3": "13", "2": "17", "4": "9"}, "trakt": "666", "imdb": "tt0247827", "year": "2000"}, {"lastupdate": {"1": 1482091671, "3": 1482091671, "2": 1482091671, "5": 1482091671, "4": 1482091671}, "tmdb": "1274", "title": "Six Feet Under", "tvdb": "75450", "season": {"1": "13", "3": "13", "2": "13", "5": "12", "4": "12"}, "trakt": "1267", "imdb": "tt0248654", "year": "2001"}, {"lastupdate": {"1": 1482091715}, "tmdb": "2701", "title": "Napoleon", "tvdb": "81712", "season": {"1": "4"}, "trakt": "2683", "imdb": "tt0253839", "year": "2003"}, {"lastupdate": {"1": 1482091676}, "tmdb": "19654", "title": "Rose Red", "tvdb": "84126", "season": {"1": "3"}, "trakt": "19563", "imdb": "tt0259153", "year": "2002"}, {"lastupdate": {"1": 1482091669, "3": 1482091669, "2": 1482091669}, "tmdb": "903", "title": "Black Books", "tvdb": "76924", "season": {"1": "6", "3": "6", "2": "6"}, "trakt": "898", "imdb": "tt0262150", "year": "2000"}, {"lastupdate": {"1": 1482091669, "3": 1482091669, "2": 1482091669, "5": 1482091669, "4": 1482091669, "7": 1482091669, "6": 1482091669, "8": 1482091669}, "tmdb": "4546", "title": "Curb Your Enthusiasm", "tvdb": "76203", "season": {"1": "10", "3": "10", "2": "10", "5": "10", "4": "10", "7": "10", "6": "10", "8": "10"}, "trakt": "4522", "imdb": "tt0264235", "year": "2000"}, {"lastupdate": {"1": 1482091672, "2": 1482091672}, "tmdb": "10190", "title": "Witchblade", "tvdb": "79072", "season": {"1": "11", "2": "12"}, "trakt": "10141", "imdb": "tt0274298", "year": "2001"}, {"lastupdate": {"1": 1482091675, "3": 1482091675, "2": 1482091675, "5": 1482091675, "4": 1482091675}, "tmdb": "1618", "title": "Justice League", "tvdb": "76320", "season": {"1": "26", "3": "13", "2": "26", "5": "13", "4": "13"}, "trakt": "60948", "imdb": "tt0275137", "year": "2001"}, {"lastupdate": {"10": 1482091674, "1": 1482091674, "3": 1482091674, "2": 1482091674, "5": 1482091674, "4": 1482091674, "7": 1482091674, "6": 1482091674, "9": 1482091674, "8": 1482091674}, "tmdb": "4601", "title": "Law and Order Criminal Intent", "tvdb": "71489", "season": {"10": "8", "1": "22", "3": "21", "2": "23", "5": "22", "4": "23", "7": "22", "6": "22", "9": "16", "8": "16"}, "trakt": "4577", "imdb": "tt0275140", "year": "2001"}, {"lastupdate": {"1": 1482091673, "3": 1482091673, "2": 1482091673, "5": 1495447897, "4": 1482091673}, "tmdb": "2723", "title": "Samurai Jack", "tvdb": "75164", "season": {"1": "13", "3": "13", "2": "13", "5": "10", "4": "13"}, "trakt": "2705", "imdb": "tt0278238", "year": "2001"}, {"lastupdate": {"1": 1482091677, "3": 1482091677, "2": 1482091677}, "tmdb": "2258", "title": "Crime and Punishment", "tvdb": "73281", "season": {"1": "12", "3": "6", "2": "7"}, "trakt": "2244", "imdb": "tt0278250", "year": "2002"}, {"lastupdate": {"10": 1482091675, "1": 1482091675, "3": 1482091675, "2": 1482091675, "5": 1482091675, "4": 1482091675, "7": 1482091675, "6": 1482091675, "9": 1482091675, "8": 1482091675}, "tmdb": "4604", "title": "Smallville", "tvdb": "72218", "season": {"10": "21", "1": "21", "3": "22", "2": "23", "5": "22", "4": "22", "7": "20", "6": "22", "9": "21", "8": "22"}, "trakt": "4580", "imdb": "tt0279600", "year": "2001"}, {"lastupdate": {"1": 1482091674, "3": 1482091674, "2": 1482091674, "5": 1482091674, "4": 1482091674, "6": 1482091674}, "tmdb": "2406", "title": "Crossing Jordan", "tvdb": "74922", "season": {"1": "23", "3": "13", "2": "22", "5": "21", "4": "21", "6": "17"}, "trakt": "2392", "imdb": "tt0284718", "year": "2001"}, {"lastupdate": {"1": 1482091673, "3": 1482091673, "2": 1482091673, "4": 1482091673}, "tmdb": "431", "title": "One On One", "tvdb": "70919", "season": {"1": "22", "3": "24", "2": "23", "4": "22"}, "trakt": "430", "imdb": "tt0284770", "year": "2001"}, {"lastupdate": {"1": 1482091676, "3": 1482091676, "2": 1482091676, "5": 1482091676, "4": 1482091676, "7": 1482091676, "6": 1482091676, "9": 1482091676, "8": 1482091676}, "tmdb": "1973", "title": "24", "tvdb": "76290", "season": {"1": "24", "3": "24", "2": "24", "5": "24", "4": "24", "7": "24", "6": "24", "9": "12", "8": "24"}, "trakt": "1960", "imdb": "tt0285331", "year": "2001"}, {"lastupdate": {"1": 1482091674, "3": 1482091674, "2": 1482091674, "5": 1482091674, "4": 1482091674, "7": 1482091674, "6": 1482091674, "9": 1482091674, "8": 1482091674}, "tmdb": "4556", "title": "Scrubs", "tvdb": "76156", "season": {"1": "24", "3": "22", "2": "22", "5": "24", "4": "25", "7": "11", "6": "22", "9": "13", "8": "18"}, "trakt": "4532", "imdb": "tt0285403", "year": "2001"}, {"lastupdate": {"1": 1482091677, "3": 1482091677, "2": 1482091677, "5": 1482091677, "4": 1482091677, "7": 1482091677, "6": 1482091677}, "tmdb": "1414", "title": "The Shield", "tvdb": "78261", "season": {"1": "13", "3": "15", "2": "13", "5": "11", "4": "13", "7": "13", "6": "10"}, "trakt": "1405", "imdb": "tt0286486", "year": "2002"}, {"lastupdate": {"1": 1482091714}, "tmdb": "9156", "title": "Frank Herberts Children of Dune", "tvdb": "79552", "season": {"1": "3"}, "trakt": "9109", "imdb": "tt0287839", "year": "2003"}, {"lastupdate": {"1": 1482091713}, "tmdb": "2432", "title": "Taken", "tvdb": "78224", "season": {"1": "10"}, "trakt": "2417", "imdb": "tt0289830", "year": "2002"}, {"lastupdate": {"1": 1482091680}, "tmdb": "1437", "title": "Firefly", "tvdb": "78874", "season": {"1": "14"}, "trakt": "1428", "imdb": "tt0303461", "year": "2002"}, {"lastupdate": {"1": 1482091677, "3": 1482091677, "2": 1482091677, "5": 1482091677, "4": 1482091677}, "tmdb": "1438", "title": "The Wire", "tvdb": "79126", "season": {"1": "13", "3": "12", "2": "12", "5": "10", "4": "13"}, "trakt": "1429", "imdb": "tt0306414", "year": "2002"}, {"lastupdate": {"1": 1482091639}, "tmdb": "1295", "title": "Star Fleet", "tvdb": "70820", "season": {"1": "24"}, "trakt": "1288", "imdb": "tt0307741", "year": "1980"}, {"lastupdate": {"1": 1482091681, "3": 1482091681, "2": 1482091681, "5": 1482091681, "4": 1482091681, "7": 1482091681, "6": 1482091681, "9": 1482091681, "8": 1482091681}, "tmdb": "3163", "title": "Foyles War", "tvdb": "78837", "season": {"1": "4", "3": "4", "2": "4", "5": "2", "4": "2", "7": "3", "6": "3", "9": "3", "8": "3"}, "trakt": "3142", "imdb": "tt0310455", "year": "2002"}, {"lastupdate": {"1": 1482091679, "3": 1482091679, "2": 1482091679}, "tmdb": "4241", "title": "8 Simple Rules", "tvdb": "78461", "season": {"1": "28", "3": "24", "2": "24"}, "trakt": "4217", "imdb": "tt0312081", "year": "2002"}, {"lastupdate": {"1": 1482091678, "3": 1482091678, "2": 1482091678, "5": 1482091678, "4": 1482091678, "7": 1482091678, "6": 1482091678, "8": 1482091678}, "tmdb": "1695", "title": "Monk", "tvdb": "78490", "season": {"1": "13", "3": "16", "2": "16", "5": "16", "4": "16", "7": "16", "6": "16", "8": "16"}, "trakt": "1683", "imdb": "tt0312172", "year": "2002"}, {"lastupdate": {"10": 1482091678, "1": 1482091678, "3": 1482091678, "2": 1482091678, "5": 1482091678, "4": 1482091678, "7": 1482091678, "6": 1482091678, "9": 1482091678, "8": 1482091678}, "tmdb": "1620", "title": "CSI Miami", "tvdb": "78310", "season": {"10": "19", "1": "24", "3": "25", "2": "24", "5": "24", "4": "25", "7": "25", "6": "21", "9": "22", "8": "24"}, "trakt": "1609", "imdb": "tt0313043", "year": "2002"}, {"lastupdate": {"1": 1482091678, "3": 1482091678, "2": 1482091678, "4": 1482091678}, "tmdb": "1950", "title": "Everwood", "tvdb": "78465", "season": {"1": "23", "3": "22", "2": "22", "4": "22"}, "trakt": "1937", "imdb": "tt0318883", "year": "2002"}, {"lastupdate": {"1": 1482091716, "2": 1482091716}, "tmdb": "185", "title": "", "tvdb": "70860", "season": {"1": "12", "2": "12"}, "trakt": "184", "imdb": "tt0319969", "year": "2003"}, {"lastupdate": {"1": 1482091680}, "tmdb": "689", "title": "John Doe", "tvdb": "78839", "season": {"1": "21"}, "trakt": "687", "imdb": "tt0320038", "year": "2002"}, {"lastupdate": {"1": 1482091679, "3": 1482091679, "2": 1482091679, "4": 1482091679}, "tmdb": "33", "title": "What I Like About You", "tvdb": "78462", "season": {"1": "22", "3": "24", "2": "22", "4": "18"}, "trakt": "33", "imdb": "tt0321018", "year": "2002"}, {"lastupdate": {"1": 1482091680, "3": 1482091680, "2": 1482091680, "5": 1482091680, "4": 1482091680, "7": 1482091680, "6": 1482091680}, "tmdb": "2593", "title": "Without a Trace", "tvdb": "77963", "season": {"1": "23", "3": "23", "2": "24", "5": "24", "4": "24", "7": "24", "6": "18"}, "trakt": "2577", "imdb": "tt0321021", "year": "2002"}, {"lastupdate": {"1": 1482091721, "3": 1482091721, "2": 1482091721, "5": 1482091721, "4": 1482091721, "6": 1482091721}, "tmdb": "3475", "title": "The L Word", "tvdb": "72477", "season": {"1": "14", "3": "12", "2": "13", "5": "12", "4": "12", "6": "8"}, "trakt": "3453", "imdb": "tt0330251", "year": "2004"}, {"lastupdate": {"1": 1482091715, "2": 1482091715}, "tmdb": "2566", "title": "Dead Like Me", "tvdb": "72129", "season": {"1": "14", "2": "15"}, "trakt": "2551", "imdb": "tt0348913", "year": "2003"}, {"lastupdate": {"1": 1482091722, "3": 1482091722, "2": 1482091722}, "tmdb": "1406", "title": "Deadwood", "tvdb": "72023", "season": {"1": "12", "3": "12", "2": "12"}, "trakt": "1397", "imdb": "tt0348914", "year": "2004"}, {"lastupdate": {"1": 1482091714, "3": 1482091714, "2": 1482091714}, "tmdb": "380", "title": "Little Britain", "tvdb": "72135", "season": {"1": "8", "3": "6", "2": "6"}, "trakt": "379", "imdb": "tt0358856", "year": "2003"}, {"lastupdate": {"1": 1484765979, "3": 1484765979, "2": 1484765979, "5": 1484765979, "4": 1484765979, "7": 1484765979, "6": 1484765979}, "tmdb": "3750", "title": "NipTuck", "tvdb": "72201", "season": {"1": "13", "3": "15", "2": "16", "5": "22", "4": "15", "7": "9", "6": "10"}, "trakt": "3727", "imdb": "tt0361217", "year": "2003"}, {"lastupdate": {"1": 1482091716, "3": 1482091716, "2": 1482091716, "4": 1482091716}, "tmdb": "2673", "title": "The O.C.", "tvdb": "72164", "season": {"1": "27", "3": "25", "2": "24", "4": "16"}, "trakt": "2655", "imdb": "tt0362359", "year": "2003"}, {"lastupdate": {"1": 1482091717, "3": 1482091718, "2": 1482091718, "5": 1482091718, "4": 1482091718}, "tmdb": "2389", "title": "Las Vegas", "tvdb": "72229", "season": {"1": "23", "3": "23", "2": "24", "5": "19", "4": "17"}, "trakt": "2375", "imdb": "tt0364828", "year": "2003"}, {"lastupdate": {"11": 1482091719, "10": 1482091719, "13": 1482091719, "12": 1482091719, "14": 1495102277, "1": 1482091719, "3": 1482091719, "2": 1482091719, "5": 1482091719, "4": 1482091719, "7": 1482091719, "6": 1482091719, "9": 1482091719, "8": 1482091719}, "tmdb": "4614", "title": "NCIS", "tvdb": "72108", "season": {"11": "24", "10": "24", "13": "24", "12": "24", "14": "24", "1": "23", "3": "24", "2": "23", "5": "19", "4": "24", "7": "24", "6": "25", "9": "24", "8": "24"}, "trakt": "4590", "imdb": "tt0364845", "year": "2003"}, {"lastupdate": {"1": 1482091720, "3": 1482091720, "2": 1482091720, "4": 1482091720}, "tmdb": "4589", "title": "Arrested Development", "tvdb": "72173", "season": {"1": "22", "3": "13", "2": "18", "4": "15"}, "trakt": "4565", "imdb": "tt0367279", "year": "2003"}, {"lastupdate": {"1": 1482091719, "2": 1482091719}, "tmdb": "1593", "title": "Joan of Arcadia", "tvdb": "72277", "season": {"1": "23", "2": "22"}, "trakt": "1582", "imdb": "tt0367345", "year": "2003"}, {"lastupdate": {"1": 1482091719, "3": 1482091719, "2": 1482091719, "5": 1482091719, "4": 1482091719, "7": 1482091719, "6": 1482091719}, "tmdb": "2171", "title": "Cold Case", "tvdb": "72167", "season": {"1": "23", "3": "23", "2": "23", "5": "18", "4": "24", "7": "22", "6": "23"}, "trakt": "2158", "imdb": "tt0368479", "year": "2003"}, {"lastupdate": {"1": 1482091718, "3": 1482091718, "2": 1482091718, "5": 1482091718, "4": 1482091718, "7": 1482091718, "6": 1482091718, "9": 1482091718, "8": 1482091718}, "tmdb": "269", "title": "One Tree Hill", "tvdb": "72158", "season": {"1": "22", "3": "22", "2": "23", "5": "18", "4": "21", "7": "22", "6": "24", "9": "13", "8": "22"}, "trakt": "268", "imdb": "tt0368530", "year": "2003"}, {"lastupdate": {"11": 1482091717, "10": 1482091717, "12": 1482091717, "1": 1482091717, "3": 1482091717, "2": 1482091717, "5": 1482091717, "4": 1482091717, "7": 1482091717, "6": 1482091717, "9": 1482091717, "8": 1482091717}, "tmdb": "2691", "title": "Two and a Half Men", "tvdb": "72227", "season": {"11": "22", "10": "23", "12": "16", "1": "24", "3": "24", "2": "24", "5": "19", "4": "24", "7": "22", "6": "24", "9": "24", "8": "16"}, "trakt": "2673", "imdb": "tt0369179", "year": "2003"}, {"lastupdate": {"1": 1482091722, "3": 1482091722, "2": 1482091722, "5": 1482091722, "4": 1482091722}, "tmdb": "2290", "title": "Stargate Atlantis", "tvdb": "70851", "season": {"1": "20", "3": "20", "2": "20", "5": "20", "4": "20"}, "trakt": "2276", "imdb": "tt0374455", "year": "2004"}, {"lastupdate": {"1": 1482091801}, "tmdb": "16997", "title": "The Pacific", "tvdb": "85539", "season": {"1": "10"}, "trakt": "16926", "imdb": "tt0374463", "year": "2010"}, {"lastupdate": {"1": 1482091724, "2": 1482091724}, "tmdb": "1466", "title": "Joey", "tvdb": "72920", "season": {"1": "24", "2": "22"}, "trakt": "1457", "imdb": "tt0375355", "year": "2004"}, {"lastupdate": {"11": 1482091721, "10": 1482091721, "1": 1482091721, "3": 1482091721, "2": 1482091721, "5": 1482091721, "4": 1482091721, "7": 1482091721, "6": 1482091721, "9": 1482091721, "8": 1482091721}, "tmdb": "1906", "title": "Shameless", "tvdb": "78846", "season": {"11": "14", "10": "10", "1": "7", "3": "8", "2": "10", "5": "16", "4": "8", "7": "16", "6": "16", "9": "11", "8": "22"}, "trakt": "1893", "imdb": "tt0377260", "year": "2004"}, {"lastupdate": {"1": 1482091721, "3": 1482091721, "2": 1482091721, "5": 1482091721, "4": 1482091721, "7": 1482091721, "6": 1482091721, "8": 1482091722}, "tmdb": "3764", "title": "Hustle", "tvdb": "73028", "season": {"1": "6", "3": "6", "2": "6", "5": "6", "4": "6", "7": "6", "6": "6", "8": "6"}, "trakt": "3741", "imdb": "tt0379632", "year": "2004"}, {"lastupdate": {"1": 1482091733, "2": 1482091733}, "tmdb": "1891", "title": "Rome", "tvdb": "73508", "season": {"1": "12", "2": "10"}, "trakt": "1878", "imdb": "tt0384766", "year": "2005"}, {"lastupdate": {"1": 1482091725, "3": 1482091725, "2": 1482091725}, "tmdb": "4336", "title": "Drawn Together", "tvdb": "78831", "season": {"1": "7", "3": "16", "2": "15"}, "trakt": "4312", "imdb": "tt0386180", "year": "2004"}, {"lastupdate": {"1": 1482091728, "3": 1482091728, "2": 1482091728, "5": 1482091728, "4": 1482091728, "7": 1482091728, "6": 1482091728, "9": 1482091728, "8": 1482091728}, "tmdb": "2316", "title": "The Office (US)", "tvdb": "73244", "season": {"1": "6", "3": "23", "2": "22", "5": "26", "4": "19", "7": "26", "6": "26", "9": "23", "8": "24"}, "trakt": "2302", "imdb": "tt0386676", "year": "2005"}, {"lastupdate": {"1": 1482091722, "3": 1482091722, "2": 1482091722, "4": 1482091722}, "tmdb": "1481", "title": "The 4400", "tvdb": "73507", "season": {"1": "5", "3": "13", "2": "13", "4": "13"}, "trakt": "1472", "imdb": "tt0389564", "year": "2004"}, {"lastupdate": {"1": 1482091723, "3": 1482091723, "2": 1482091723, "5": 1482091723, "4": 1482091723, "7": 1482091723, "6": 1482091723, "9": 1482091723, "8": 1482091723}, "tmdb": "2458", "title": "CSI NY", "tvdb": "73696", "season": {"1": "23", "3": "24", "2": "24", "5": "25", "4": "21", "7": "22", "6": "23", "9": "17", "8": "18"}, "trakt": "2443", "imdb": "tt0395843", "year": "2004"}, {"lastupdate": {"11": 1482091727, "10": 1482091727, "13": 1482091727, "12": 1482091727, "14": 1496225440, "1": 1482091727, "3": 1482091727, "2": 1482091727, "5": 1482091727, "4": 1482091727, "7": 1482091727, "6": 1482091727, "9": 1482091727, "8": 1482091727}, "tmdb": "1433", "title": "American Dad!", "tvdb": "73141", "season": {"11": "3", "10": "20", "13": "22", "12": "15", "14": "12", "1": "7", "3": "19", "2": "16", "5": "20", "4": "16", "7": "19", "6": "18", "9": "19", "8": "18"}, "trakt": "1424", "imdb": "tt0397306", "year": "2005"}, {"lastupdate": {"1": 1482091762, "3": 1482091762, "2": 1482091762, "5": 1482091762, "4": 1482091762, "6": 1482091762}, "tmdb": "1395", "title": "Gossip Girl", "tvdb": "80547", "season": {"1": "18", "3": "22", "2": "25", "5": "24", "4": "22", "6": "10"}, "trakt": "1387", "imdb": "tt0397442", "year": "2007"}, {"lastupdate": {"1": 1482091725, "3": 1482091725, "2": 1482091725, "5": 1482091725, "4": 1482091725}, "tmdb": "4598", "title": "Boston Legal", "tvdb": "74058", "season": {"1": "17", "3": "24", "2": "27", "5": "13", "4": "20"}, "trakt": "4574", "imdb": "tt0402711", "year": "2004"}, {"lastupdate": {"1": 1482091730}, "tmdb": "11122", "title": "Revelations", "tvdb": "73997", "season": {"1": "6"}, "trakt": "11070", "imdb": "tt0403795", "year": "2005"}, {"lastupdate": {"1": 1482091720, "3": 1482091720, "2": 1482091720, "4": 1482091720}, "tmdb": "1972", "title": "Battlestar Galactica (2003)", "tvdb": "73545", "season": {"1": "13", "3": "20", "2": "20", "4": "20"}, "trakt": "1959", "imdb": "tt0407362", "year": "2003"}, {"lastupdate": {"1": 1482091751}, "tmdb": "13278", "title": "Legend of Earthsea", "tvdb": "78984", "season": {"1": "2"}, "trakt": "13221", "imdb": "tt0407384", "year": "2006"}, {"lastupdate": {"1": 1482091730}, "tmdb": "11099", "title": "Into the West", "tvdb": "78828", "season": {"1": "6"}, "trakt": "11047", "imdb": "tt0409572", "year": "2005"}, {"lastupdate": {"1": 1482091681, "3": 1482091681, "2": 1482091681, "5": 1482091681, "4": 1482091681}, "tmdb": "46260", "title": "Naruto", "tvdb": "78857", "season": {"1": "44", "3": "48", "2": "39", "5": "41", "4": "48"}, "trakt": "46003", "imdb": "tt0409591", "year": "2002"}, {"lastupdate": {"1": 1482091725, "3": 1482091725, "2": 1482091725, "5": 1482091725, "4": 1482091725, "7": 1482091725, "6": 1482091725, "8": 1482091725}, "tmdb": "693", "title": "Desperate Housewives", "tvdb": "73800", "season": {"1": "23", "3": "23", "2": "24", "5": "24", "4": "17", "7": "23", "6": "23", "8": "23"}, "trakt": "691", "imdb": "tt0410975", "year": "2004"}, {"lastupdate": {"1": 1482091724, "3": 1482091724, "2": 1482091724, "5": 1482091725, "4": 1482091724, "6": 1482091725}, "tmdb": "4607", "title": "Lost", "tvdb": "73739", "season": {"1": "24", "3": "23", "2": "24", "5": "17", "4": "14", "6": "18"}, "trakt": "4583", "imdb": "tt0411008", "year": "2004"}, {"lastupdate": {"1": 1482091726, "3": 1482091726, "2": 1482091726, "5": 1482091726, "4": 1482091726, "7": 1482091726, "6": 1482091726, "8": 1482091726}, "tmdb": "1408", "title": "House", "tvdb": "73255", "season": {"1": "22", "3": "24", "2": "24", "5": "24", "4": "16", "7": "23", "6": "21", "8": "22"}, "trakt": "1399", "imdb": "tt0412142", "year": "2004"}, {"lastupdate": {"1": 1482091726, "3": 1482091726, "2": 1482091726, "5": 1482091726, "4": 1482091726, "7": 1482091726, "6": 1482091726}, "tmdb": "36", "title": "Medium", "tvdb": "73265", "season": {"1": "16", "3": "22", "2": "22", "5": "19", "4": "16", "7": "13", "6": "22"}, "trakt": "36", "imdb": "tt0412175", "year": "2005"}, {"lastupdate": {"1": 1482091724, "3": 1482091724, "2": 1482091724}, "tmdb": "1432", "title": "Veronica Mars", "tvdb": "73730", "season": {"1": "22", "3": "20", "2": "22"}, "trakt": "1423", "imdb": "tt0412253", "year": "2004"}, {"lastupdate": {"11": 1482091729, "10": 1482091729, "13": 1495275059, "12": 1482091729, "1": 1482091729, "3": 1482091729, "2": 1482091729, "5": 1482091729, "4": 1482091729, "7": 1482091729, "6": 1482091729, "9": 1482091729, "8": 1482091729}, "tmdb": "1416", "title": "Greys Anatomy", "tvdb": "73762", "season": {"11": "24", "10": "24", "13": "24", "12": "24", "1": "9", "3": "25", "2": "27", "5": "24", "4": "17", "7": "22", "6": "24", "9": "24", "8": "24"}, "trakt": "1407", "imdb": "tt0413573", "year": "2005"}, {"lastupdate": {"1": 1482091715, "3": 1482091715, "2": 1482091715}, "tmdb": "7166", "title": "The Mighty Boosh", "tvdb": "74302", "season": {"1": "8", "3": "6", "2": "6"}, "trakt": "7125", "imdb": "tt0416394", "year": "2003"}, {"lastupdate": {"1": 1482091728, "3": 1482091728, "2": 1482091728}, "tmdb": "246", "title": "Avatar The Last Airbender", "tvdb": "74852", "season": {"1": "20", "3": "21", "2": "20"}, "trakt": "245", "imdb": "tt0417299", "year": "2005"}, {"lastupdate": {"1": 1482091741, "3": 1482091741, "2": 1482091741, "5": 1482091741, "4": 1482091741}, "tmdb": "4392", "title": "Big Love", "tvdb": "74156", "season": {"1": "12", "3": "10", "2": "12", "5": "10", "4": "9"}, "trakt": "4368", "imdb": "tt0421030", "year": "2006"}, {"lastupdate": {"1": 1482091772}, "tmdb": "19997", "title": "The Andromeda Strain (2008)", "tvdb": "81843", "season": {"1": "2"}, "trakt": "19904", "imdb": "tt0424600", "year": "2008"}, {"lastupdate": {"1": 1482091716}, "tmdb": "0", "title": "The First World War", "tvdb": "79823", "season": {"1": "10"}, "trakt": "61057", "imdb": "tt0426688", "year": "2003"}, {"lastupdate": {"1": 1482091728}, "tmdb": "30301", "title": "Archangel", "tvdb": "132321", "season": {"1": "3"}, "trakt": "30167", "imdb": "tt0426911", "year": "2005"}, {"lastupdate": {"1": 1482091728}, "tmdb": "0", "title": "Jesse Stone", "tvdb": "80285", "season": {"1": "9"}, "trakt": "61428", "imdb": "tt0431420", "year": "2005"}, {"lastupdate": {"1": 1482091727, "3": 1482091727, "2": 1482091727, "5": 1482091727, "4": 1482091727, "6": 1482091727}, "tmdb": "578", "title": "Numb3rs", "tvdb": "73918", "season": {"1": "13", "3": "24", "2": "24", "5": "23", "4": "18", "6": "16"}, "trakt": "577", "imdb": "tt0433309", "year": "2005"}, {"lastupdate": {"10": 1496571052, "11": 1501103555.0, "1": 1482091729, "3": 1482091729, "2": 1482091729, "5": 1482091729, "4": 1482091729, "7": 1482091729, "6": 1482091729, "9": 1482091729, "8": 1482091729}, "tmdb": "57243", "title": "Doctor Who (2005)", "tvdb": "78804", "season": {"10": "8", "1": "13", "3": "13", "2": "13", "5": "13", "4": "13", "7": "13", "6": "13", "9": "12", "8": "12"}, "trakt": "56872", "imdb": "tt0436992", "year": "2005"}, {"lastupdate": {"1": 1482091730}, "tmdb": "0", "title": "Elvis (2005)", "tvdb": "288155", "season": {"1": "2"}, "trakt": "81979", "imdb": "tt0437714", "year": "2005"}, {"lastupdate": {"1": 1482091732, "3": 1482091732, "2": 1482091732, "5": 1482091732, "4": 1482091732, "7": 1482091732, "6": 1482091732, "8": 1482091732}, "tmdb": "186", "title": "Weeds", "tvdb": "74845", "season": {"1": "10", "3": "15", "2": "12", "5": "13", "4": "13", "7": "13", "6": "13", "8": "13"}, "trakt": "185", "imdb": "tt0439100", "year": "2005"}, {"lastupdate": {"1": 1482091732, "2": 1482091732}, "tmdb": "2693", "title": "Extras", "tvdb": "75660", "season": {"1": "6", "2": "6"}, "trakt": "2675", "imdb": "tt0445114", "year": "2005"}, {"lastupdate": {"1": 1482091739}, "tmdb": "9026", "title": "The Triangle", "tvdb": "75599", "season": {"1": "3"}, "trakt": "8979", "imdb": "tt0452573", "year": "2005"}, {"lastupdate": {"1": 1482091736}, "tmdb": "3486", "title": "Surface", "tvdb": "78906", "season": {"1": "15"}, "trakt": "3464", "imdb": "tt0452718", "year": "2005"}, {"lastupdate": {"1": 1482091733, "3": 1482091733, "2": 1482091733, "5": 1496311889, "4": 1482091733}, "tmdb": "2288", "title": "Prison Break", "tvdb": "75340", "season": {"1": "22", "3": "13", "2": "22", "5": "9", "4": "22"}, "trakt": "2274", "imdb": "tt0455275", "year": "2005"}, {"lastupdate": {"1": 1482091731, "3": 1482091731, "2": 1482091731, "5": 1482091731, "4": 1482091731, "7": 1482091731, "6": 1482091731}, "tmdb": "1450", "title": "The Closer", "tvdb": "74875", "season": {"1": "13", "3": "15", "2": "15", "5": "15", "4": "15", "7": "21", "6": "15"}, "trakt": "1441", "imdb": "tt0458253", "year": "2005"}, {"lastupdate": {"1": 1482091778, "3": 1482091778, "2": 1482091778, "5": 1482091778, "4": 1482091778, "6": 1482091778}, "tmdb": "4194", "title": "Star Wars The Clone Wars", "tvdb": "83268", "season": {"1": "22", "3": "22", "2": "22", "5": "20", "4": "22", "6": "13"}, "trakt": "4170", "imdb": "tt0458290", "year": "2008"}, {"lastupdate": {"1": 1482091736, "3": 1482091736, "2": 1482091736, "4": 1482091736}, "tmdb": "2317", "title": "My Name Is Earl", "tvdb": "75397", "season": {"1": "24", "3": "22", "2": "23", "4": "27"}, "trakt": "2303", "imdb": "tt0460091", "year": "2005"}, {"lastupdate": {"11": 1482091735, "10": 1482091735, "12": 1490868637, "1": 1482091735, "3": 1482091735, "2": 1482091735, "5": 1482091735, "4": 1482091735, "7": 1482091735, "6": 1482091735, "9": 1482091735, "8": 1482091735}, "tmdb": "1911", "title": "Bones", "tvdb": "75682", "season": {"11": "22", "10": "22", "12": "12", "1": "22", "3": "15", "2": "21", "5": "22", "4": "26", "7": "13", "6": "23", "9": "24", "8": "24"}, "trakt": "1898", "imdb": "tt0460627", "year": "2005"}, {"lastupdate": {"1": 1482091738, "3": 1482091738, "2": 1482091738, "4": 1482091738}, "tmdb": "252", "title": "Everybody Hates Chris", "tvdb": "75914", "season": {"1": "22", "3": "22", "2": "22", "4": "22"}, "trakt": "251", "imdb": "tt0460637", "year": "2005"}, {"lastupdate": {"1": 1482091738, "3": 1482091738, "2": 1482091738, "5": 1482091738, "4": 1482091738}, "tmdb": "1606", "title": "Ghost Whisperer", "tvdb": "78817", "season": {"1": "22", "3": "18", "2": "22", "5": "22", "4": "23"}, "trakt": "1595", "imdb": "tt0460644", "year": "2005"}, {"lastupdate": {"1": 1482091736, "3": 1482091736, "2": 1482091736, "5": 1482091736, "4": 1482091736, "7": 1482091736, "6": 1482091736, "9": 1482091736, "8": 1482091736}, "tmdb": "1100", "title": "How I Met Your Mother", "tvdb": "75760", "season": {"1": "22", "3": "20", "2": "22", "5": "24", "4": "24", "7": "24", "6": "24", "9": "24", "8": "24"}, "trakt": "1095", "imdb": "tt0460649", "year": "2005"}, {"lastupdate": {"1": 1482091737}, "tmdb": "2940", "title": "Invasion", "tvdb": "75588", "season": {"1": "22"}, "trakt": "2920", "imdb": "tt0460651", "year": "2005"}, {"lastupdate": {"1": 1482091741, "3": 1482091741, "2": 1482091741, "4": 1482091741}, "tmdb": "2321", "title": "The Unit", "tvdb": "75707", "season": {"1": "13", "3": "11", "2": "23", "4": "22"}, "trakt": "2307", "imdb": "tt0460690", "year": "2006"}, {"lastupdate": {"1": 1482091734, "2": 1482091734}, "tmdb": "2262", "title": "The War at Home", "tvdb": "78902", "season": {"1": "22", "2": "22"}, "trakt": "2248", "imdb": "tt0460692", "year": "2005"}, {"lastupdate": {"1": 1482091734, "2": 1482091734}, "tmdb": "2409", "title": "Sleeper Cell", "tvdb": "74843", "season": {"1": "10", "2": "8"}, "trakt": "2395", "imdb": "tt0465353", "year": "2005"}, {"lastupdate": {"1": 1482091770}, "tmdb": "15114", "title": "John Adams", "tvdb": "81547", "season": {"1": "7"}, "trakt": "15049", "imdb": "tt0472027", "year": "2008"}, {"lastupdate": {"11": 1482091732, "10": 1482091732, "12": 1489144441, "1": 1482091732, "3": 1482091732, "2": 1482091732, "5": 1482091732, "4": 1482091732, "7": 1482091732, "6": 1482091732, "9": 1482091732, "8": 1482091732}, "tmdb": "2710", "title": "Its Always Sunny in Philadelphia", "tvdb": "75805", "season": {"11": "10", "10": "10", "12": "10", "1": "7", "3": "15", "2": "10", "5": "12", "4": "13", "7": "13", "6": "13", "9": "10", "8": "10"}, "trakt": "2692", "imdb": "tt0472954", "year": "2005"}, {"lastupdate": {"1": 1482091947}, "tmdb": "63247", "title": "Westworld", "tvdb": "296762", "season": {"1": "10"}, "trakt": "99718", "imdb": "tt0475784", "year": "2016"}, {"lastupdate": {"1": 1482091740, "2": 1482091740}, "tmdb": "2973", "title": "Life on Mars", "tvdb": "79177", "season": {"1": "8", "2": "8"}, "trakt": "2953", "imdb": "tt0478942", "year": "2006"}, {"lastupdate": {"1": 1482091745}, "tmdb": "417", "title": "The Class", "tvdb": "79372", "season": {"1": "19"}, "trakt": "416", "imdb": "tt0484082", "year": "2006"}, {"lastupdate": {"1": 1482091750, "3": 1482091750, "2": 1482091750, "4": 1482091750}, "tmdb": "424", "title": "Torchwood", "tvdb": "79511", "season": {"1": "13", "3": "5", "2": "13", "4": "10"}, "trakt": "423", "imdb": "tt0485301", "year": "2006"}, {"lastupdate": {"1": 1482091745}, "tmdb": "1691", "title": "Studio 60 on the Sunset Strip", "tvdb": "79343", "season": {"1": "22"}, "trakt": "1679", "imdb": "tt0485842", "year": "2006"}, {"lastupdate": {"1": 1482091754}, "tmdb": "4955", "title": "The Dresden Files", "tvdb": "79759", "season": {"1": "12"}, "trakt": "4929", "imdb": "tt0486657", "year": "2007"}, {"lastupdate": {"1": 1482091740, "3": 1482091740, "2": 1482091740, "4": 1482091740}, "tmdb": "2490", "title": "The IT Crowd", "tvdb": "79216", "season": {"1": "6", "3": "6", "2": "6", "4": "6"}, "trakt": "2475", "imdb": "tt0487831", "year": "2006"}, {"lastupdate": {"1": 1482091761, "3": 1482091761, "2": 1482091761}, "tmdb": "2260", "title": "H2O Just Add Water", "tvdb": "81061", "season": {"1": "26", "3": "26", "2": "26"}, "trakt": "2246", "imdb": "tt0491603", "year": "2007"}, {"lastupdate": {"1": 1482091743, "3": 1482091743, "2": 1482091743, "5": 1482091743, "4": 1482091743, "7": 1482091743, "6": 1482091743, "8": 1482091743}, "tmdb": "1447", "title": "Psych", "tvdb": "79335", "season": {"1": "15", "3": "16", "2": "16", "5": "16", "4": "16", "7": "16", "6": "16", "8": "10"}, "trakt": "1438", "imdb": "tt0491738", "year": "2006"}, {"lastupdate": {"1": 1482091741, "3": 1482091741, "2": 1482091741, "4": 1482091741}, "tmdb": "4610", "title": "Hannah Montana", "tvdb": "79317", "season": {"1": "26", "3": "31", "2": "30", "4": "13"}, "trakt": "4586", "imdb": "tt0493093", "year": "2006"}, {"lastupdate": {"1": 1482091750, "3": 1482091750, "2": 1482091750, "5": 1482091750, "4": 1482091750, "7": 1482091750, "6": 1482091750}, "tmdb": "4608", "title": "30 Rock", "tvdb": "79488", "season": {"1": "21", "3": "22", "2": "15", "5": "23", "4": "22", "7": "13", "6": "22"}, "trakt": "4584", "imdb": "tt0496424", "year": "2006"}, {"lastupdate": {"1": 1482091757}, "tmdb": "744", "title": "Jekyll", "tvdb": "80222", "season": {"1": "6"}, "trakt": "742", "imdb": "tt0497298", "year": "2007"}, {"lastupdate": {"1": 1482091826}, "tmdb": "37646", "title": "The Nine Lives of Chloe King", "tvdb": "247774", "season": {"1": "10"}, "trakt": "37488", "imdb": "tt0499400", "year": "2011"}, {"lastupdate": {"1": 1482091742, "3": 1482091742, "2": 1482091742}, "tmdb": "219", "title": "Kyle XY", "tvdb": "76143", "season": {"1": "10", "3": "10", "2": "23"}, "trakt": "218", "imdb": "tt0756509", "year": "2006"}, {"lastupdate": {"1": 1482091747, "3": 1482091747, "2": 1482091747, "5": 1482091747, "4": 1482091747}, "tmdb": "341", "title": "Brothers and Sisters", "tvdb": "79506", "season": {"1": "23", "3": "24", "2": "16", "5": "22", "4": "24"}, "trakt": "340", "imdb": "tt0758737", "year": "2006"}, {"lastupdate": {"1": 1482091749, "3": 1482091749, "2": 1482091749, "5": 1482091749, "4": 1482091749}, "tmdb": "4278", "title": "Friday Night Lights", "tvdb": "79337", "season": {"1": "22", "3": "13", "2": "15", "5": "13", "4": "13"}, "trakt": "4254", "imdb": "tt0758745", "year": "2006"}, {"lastupdate": {"1": 1482091748, "3": 1482091748, "2": 1482091748, "5": 1482091748, "4": 1482091748, "7": 1482091748, "6": 1482091748, "8": 1482091748}, "tmdb": "1405", "title": "Dexter", "tvdb": "79349", "season": {"1": "12", "3": "12", "2": "12", "5": "12", "4": "12", "7": "12", "6": "12", "8": "12"}, "trakt": "1396", "imdb": "tt0773262", "year": "2006"}, {"lastupdate": {"1": 1482091744}, "tmdb": "0", "title": "Fallen", "tvdb": "80416", "season": {"1": "3"}, "trakt": "60980", "imdb": "tt0775362", "year": "2006"}, {"lastupdate": {"1": 1482091755, "3": 1482091755, "2": 1482091755, "5": 1482091755, "4": 1482091755, "7": 1482091755, "6": 1482091755}, "tmdb": "2755", "title": "Rules of Engagement", "tvdb": "79842", "season": {"1": "7", "3": "13", "2": "15", "5": "24", "4": "13", "7": "13", "6": "15"}, "trakt": "2737", "imdb": "tt0790772", "year": "2007"}, {"lastupdate": {"1": 1482091740}, "tmdb": "1044", "title": "Planet Earth", "tvdb": "79257", "season": {"1": "11"}, "trakt": "1039", "imdb": "tt0795176", "year": "2006"}, {"lastupdate": {"1": 1482091744, "3": 1482091744, "2": 1482091744, "5": 1482091744, "4": 1482091744}, "tmdb": "4620", "title": "Eureka", "tvdb": "79334", "season": {"1": "12", "3": "18", "2": "13", "5": "13", "4": "21"}, "trakt": "4596", "imdb": "tt0796264", "year": "2006"}, {"lastupdate": {"1": 1482091801}, "tmdb": "877", "title": "Caprica", "tvdb": "85040", "season": {"1": "18"}, "trakt": "872", "imdb": "tt0799862", "year": "2010"}, {"lastupdate": {"1": 1482091766, "3": 1482091766, "2": 1482091766, "4": 1482091766}, "tmdb": "3498", "title": "Wizards of Waverly Place", "tvdb": "80726", "season": {"1": "21", "3": "28", "2": "30", "4": "27"}, "trakt": "3476", "imdb": "tt0799922", "year": "2007"}, {"lastupdate": {"1": 1482091752}, "tmdb": "4618", "title": "Day Break", "tvdb": "79509", "season": {"1": "13"}, "trakt": "4594", "imdb": "tt0801425", "year": "2006"}, {"lastupdate": {"1": 1482091759, "3": 1482091759, "2": 1482091759, "5": 1482091759, "4": 1482091759, "7": 1482091759, "6": 1482091759}, "tmdb": "1104", "title": "Mad Men", "tvdb": "80337", "season": {"1": "13", "3": "13", "2": "13", "5": "13", "4": "13", "7": "14", "6": "13"}, "trakt": "1099", "imdb": "tt0804503", "year": "2007"}, {"lastupdate": {"1": 1482091755}, "tmdb": "625", "title": "The Black Donnellys", "tvdb": "79647", "season": {"1": "13"}, "trakt": "623", "imdb": "tt0805661", "year": "2007"}, {"lastupdate": {"1": 1482091746, "2": 1482091746}, "tmdb": "365", "title": "Jericho (2006)", "tvdb": "79330", "season": {"1": "22", "2": "7"}, "trakt": "364", "imdb": "tt0805663", "year": "2006"}, {"lastupdate": {"1": 1482091744, "2": 1482091744}, "tmdb": "1757", "title": "Men in Trees", "tvdb": "79366", "season": {"1": "17", "2": "19"}, "trakt": "1745", "imdb": "tt0805664", "year": "2006"}, {"lastupdate": {"1": 1482091757}, "tmdb": "1945", "title": "Traveler", "tvdb": "79846", "season": {"1": "8"}, "trakt": "1932", "imdb": "tt0805668", "year": "2007"}, {"lastupdate": {"1": 1482091748, "3": 1482091748, "2": 1482091748, "4": 1482091748}, "tmdb": "4626", "title": "Ugly Betty", "tvdb": "79352", "season": {"1": "23", "3": "24", "2": "18", "4": "20"}, "trakt": "4602", "imdb": "tt0805669", "year": "2006"}, {"lastupdate": {"1": 1482091755, "3": 1482091755, "2": 1482091755, "5": 1482091755, "4": 1482091755}, "tmdb": "10268", "title": "Primeval", "tvdb": "79809", "season": {"1": "6", "3": "10", "2": "7", "5": "6", "4": "7"}, "trakt": "10219", "imdb": "tt0808096", "year": "2007"}, {"lastupdate": {"1": 1482091761}, "tmdb": "15003", "title": "Tell Me You Love Me", "tvdb": "80462", "season": {"1": "10"}, "trakt": "14938", "imdb": "tt0809497", "year": "2007"}, {"lastupdate": {"1": 1482091759, "3": 1482091759, "2": 1482091759, "5": 1482091759, "4": 1482091759, "7": 1482091759, "6": 1482091759}, "tmdb": "2919", "title": "Burn Notice", "tvdb": "80270", "season": {"1": "12", "3": "16", "2": "16", "5": "18", "4": "18", "7": "13", "6": "18"}, "trakt": "2900", "imdb": "tt0810788", "year": "2007"}, {"lastupdate": {"1": 1482091747, "3": 1482091747, "2": 1482091747, "4": 1482091747}, "tmdb": "1639", "title": "Heroes", "tvdb": "79501", "season": {"1": "23", "3": "25", "2": "11", "4": "19"}, "trakt": "1628", "imdb": "tt0813715", "year": "2006"}, {"lastupdate": {"1": 1482091753, "3": 1482091753, "2": 1482091753}, "tmdb": "32368", "title": "The Killing", "tvdb": "79689", "season": {"1": "20", "3": "10", "2": "10"}, "trakt": "32228", "imdb": "tt0826760", "year": "2007"}, {"lastupdate": {"1": 1482091753}, "tmdb": "3868", "title": "The Lost Room", "tvdb": "79637", "season": {"1": "3"}, "trakt": "3845", "imdb": "tt0830361", "year": "2006"}, {"lastupdate": {"1": 1483812794, "3": 1483812794, "2": 1483812794}, "tmdb": "9899", "title": "Saving Grace", "tvdb": "80381", "season": {"1": "13", "3": "19", "2": "14"}, "trakt": "9850", "imdb": "tt0830900", "year": "2007"}, {"lastupdate": {"1": 1482091769, "3": 1482091769, "2": 1482091769}, "tmdb": "14069", "title": "In Treatment", "tvdb": "81248", "season": {"1": "43", "3": "28", "2": "35"}, "trakt": "14008", "imdb": "tt0835434", "year": "2008"}, {"lastupdate": {"1": 1482091754, "3": 1482091754, "2": 1482091754, "5": 1482091754, "4": 1482091754, "7": 1482091754, "6": 1482091754}, "tmdb": "900", "title": "Skins", "tvdb": "79773", "season": {"1": "9", "3": "10", "2": "10", "5": "8", "4": "8", "7": "6", "6": "10"}, "trakt": "895", "imdb": "tt0840196", "year": "2007"}, {"lastupdate": {"1": 1482091776, "3": 1482091776, "2": 1482091776, "5": 1482091776, "4": 1482091776, "7": 1482091776, "6": 1482091776}, "tmdb": "10545", "title": "True Blood", "tvdb": "82283", "season": {"1": "12", "3": "12", "2": "12", "5": "12", "4": "12", "7": "10", "6": "10"}, "trakt": "10494", "imdb": "tt0844441", "year": "2008"}, {"lastupdate": {"1": 1482091779, "2": 1482091779}, "tmdb": "7704", "title": "Legend of the Seeker", "tvdb": "82672", "season": {"1": "22", "2": "22"}, "trakt": "7659", "imdb": "tt0844653", "year": "2008"}, {"lastupdate": {"1": 1482091768, "2": 1482091768}, "tmdb": "433", "title": "Terminator The Sarah Connor Chronicles", "tvdb": "80344", "season": {"1": "9", "2": "22"}, "trakt": "432", "imdb": "tt0851851", "year": "2008"}, {"lastupdate": {"1": 1482091761, "3": 1482091761, "2": 1482091761, "4": 1482091761}, "tmdb": "1877", "title": "Phineas and Ferb", "tvdb": "81848", "season": {"1": "47", "3": "62", "2": "66", "4": "48"}, "trakt": "1865", "imdb": "tt0852863", "year": "2007"}, {"lastupdate": {"1": 1482091749}, "tmdb": "2249", "title": "Freak Show", "tvdb": "79983", "season": {"1": "7"}, "trakt": "2235", "imdb": "tt0854504", "year": "2006"}, {"lastupdate": {"1": 1482870481, "3": 1482870481, "2": 1482870481, "5": 1482870481, "4": 1482870481, "7": 1482870481, "6": 1482870481}, "tmdb": "5325", "title": "Army Wives", "tvdb": "80231", "season": {"1": "13", "3": "18", "2": "19", "5": "13", "4": "18", "7": "13", "6": "23"}, "trakt": "5298", "imdb": "tt0859592", "year": "2007"}, {"lastupdate": {"1": 1482091757, "2": 1482091757}, "tmdb": "2742", "title": "Flight of the Conchords", "tvdb": "80252", "season": {"1": "12", "2": "10"}, "trakt": "2724", "imdb": "tt0863046", "year": "2007"}, {"lastupdate": {"1": 1482091785, "3": 1482091785, "2": 1482091785, "4": 1482091785}, "tmdb": "8624", "title": "Eastbound and Down", "tvdb": "82467", "season": {"1": "6", "3": "8", "2": "7", "4": "8"}, "trakt": "8578", "imdb": "tt0866442", "year": "2009"}, {"lastupdate": {"1": 1482091764, "2": 1482091764}, "tmdb": "3797", "title": "Life (2007)", "tvdb": "80352", "season": {"1": "11", "2": "21"}, "trakt": "3774", "imdb": "tt0874936", "year": "2007"}, {"lastupdate": {"1": 1482091764}, "tmdb": "1246", "title": "Bionic Woman", "tvdb": "80370", "season": {"1": "8"}, "trakt": "1240", "imdb": "tt0880557", "year": "2007"}, {"lastupdate": {"1": 1482091836}, "tmdb": "0", "title": "Hakavod Shel Marziyano", "tvdb": "253106", "season": {"1": "5"}, "trakt": "64988", "imdb": "tt0887751", "year": "2011"}, {"lastupdate": {"1": 1482091769, "2": 1482091769}, "tmdb": "1365", "title": "Eli Stone", "tvdb": "81025", "season": {"1": "13", "2": "13"}, "trakt": "1357", "imdb": "tt0892535", "year": "2008"}, {"lastupdate": {"1": 1482091780, "3": 1482091780, "2": 1482091780}, "tmdb": "7869", "title": "The Penguins of Madagascar", "tvdb": "85075", "season": {"1": "47", "3": "33", "2": "68"}, "trakt": "7823", "imdb": "tt0892700", "year": "2008"}, {"lastupdate": {"1": 1482091767, "2": 1482091767}, "tmdb": "2739", "title": "Samantha Who", "tvdb": "80680", "season": {"1": "15", "2": "20"}, "trakt": "2721", "imdb": "tt0898332", "year": "2007"}, {"lastupdate": {"1": 1482091769, "3": 1482091769, "2": 1482091769, "5": 1482091769, "4": 1482091769}, "tmdb": "1396", "title": "Breaking Bad", "tvdb": "81189", "season": {"1": "7", "3": "13", "2": "13", "5": "16", "4": "13"}, "trakt": "1388", "imdb": "tt0903747", "year": "2008"}, {"lastupdate": {"1": 1482091760, "3": 1482091760, "2": 1482091760, "5": 1482091760, "4": 1482091760, "7": 1482091760, "6": 1482091760}, "tmdb": "1215", "title": "Californication", "tvdb": "80349", "season": {"1": "12", "3": "12", "2": "12", "5": "12", "4": "12", "7": "12", "6": "12"}, "trakt": "1209", "imdb": "tt0904208", "year": "2007"}, {"lastupdate": {"1": 1482091768}, "tmdb": "12584", "title": "Tin Man", "tvdb": "80913", "season": {"1": "3"}, "trakt": "12529", "imdb": "tt0910812", "year": "2007"}, {"lastupdate": {"1": 1482091759, "3": 1482091759, "2": 1482091759, "5": 1482091759, "4": 1482091759}, "tmdb": "4920", "title": "Damages", "tvdb": "80367", "season": {"1": "13", "3": "13", "2": "13", "5": "10", "4": "10"}, "trakt": "4894", "imdb": "tt0914387", "year": "2007"}, {"lastupdate": {"1": 1501103553.0}, "tmdb": 66857, "imdb": "tt4181172", "year": "2016", "tvdb": "311900", "season": {"2": "2"}, "title": "\u05e2\u05dc \u05d4\u05db\u05d5\u05d5\u05e0\u05ea", "trakt": ""}, {"lastupdate": {"1": 1501103554.0}, "tmdb": 67780, "imdb": "tt5562056", "year": "2016", "tvdb": "314884", "season": {"1": "2"}, "title": "\u05e7\u05dc", "trakt": ""}, {"lastupdate": {"1": 1501103557.0}, "tmdb": 69740, "imdb": "tt5071412", "year": "2017", "tvdb": "329089", "season": {"1": "2"}, "title": "\u05d0\u05d5\u05d6\u05e8\u05e7\u200e", "trakt": ""}, {"lastupdate": {"1": 1501103558.0}, "tmdb": 71890, "imdb": "tt5565334", "year": "2017", "tvdb": "328972", "season": {"1": "2"}, "title": "\u05d7\u05d1\u05e8\u05d9\u05dd \u05de\u05d4\u05de\u05db\u05dc\u05dc\u05d4", "trakt": ""}, {"lastupdate": {"1": 1501103559.0, "2": 1501103563.0}, "tmdb": null, "imdb": "tt5900164", "year": "2016", "tvdb": "314007", "season": {"1": "2"}, "title": "\u05d4\u05d7\u05d5\u05e7\u05e8 \u05e1\u05d9\u05e4\u05d5\u05e8 \u05e4\u05e9\u05e2 \u05d1\u05e8\u05d9\u05d8\u05d9", "trakt": ""}, {"lastupdate": {"1": 1501103560.0, "2": 1501103565.0}, "tmdb": 71024, "imdb": "tt6517102", "year": "2017", "tvdb": "329065", "season": {"1": "4"}, "title": "\u05e7\u05d0\u05e1\u05dc\u05d1\u05e0\u05d9\u05d4", "trakt": ""}, {"lastupdate": {"1": 1501103561.0, "2": 1501103568.0}, "tmdb": 62823, "imdb": "tt3921180", "year": "2015", "tvdb": "294417", "season": {"2": "8"}, "title": "\u05e6\u05e2\u05e7\u05d4", "trakt": ""}, {"lastupdate": {"1": 1501103562.0, "2": 1501103564.0}, "tmdb": 655, "imdb": "tt0092455", "year": "1987", "tvdb": "71470", "season": {"3": "26"}, "title": "\u05de\u05e1\u05e2 \u05d1\u05d9\u05df \u05db\u05d5\u05db\u05d1\u05d9\u05dd: \u05d4\u05d3\u05d5\u05e8 \u05d4\u05d1\u05d0", "trakt": ""}, {"lastupdate": {"1": 1501103569.0}, "tmdb": 46880, "imdb": "tt2262532", "year": "2013", "tvdb": "267907", "season": {"5": "1"}, "title": "\u05de\u05e9\u05e4\u05d7\u05ea \u05e4\u05d5\u05e1\u05d8\u05e8", "trakt": ""}, {"lastupdate": {"1": 1501103570.0}, "tmdb": 1427, "imdb": "tt2249364", "year": "2013", "tvdb": "266398", "season": {"3": "2"}, "title": "\u05d1\u05e8\u05d5\u05d3\u05e6'\u05e8\u05e5", "trakt": ""}, {"lastupdate": {"1": 1501103571.0}, "tmdb": 60866, "imdb": "tt3501584", "year": "2015", "tvdb": "281470", "season": {"3": "11"}, "title": "\u05d0\u05d9\u05d9 \u05d6\u05d5\u05de\u05d1\u05d9", "trakt": ""}, {"lastupdate": {"1": 1501103572.0}, "tmdb": 57276, "imdb": "tt2543328", "year": "2014", "tvdb": "272135", "season": {"4": "5"}, "title": "\u05d4\u05de\u05e8\u05d2\u05dc\u05d9\u05dd \u05e9\u05dc \u05d5\u05d5\u05e9\u05d9\u05e0\u05d2\u05d8\u05d5\u05df", "trakt": ""}, {"lastupdate": {"1": 1501103573.0}, "tmdb": 62517, "imdb": "tt3250026", "year": "2015", "tvdb": "283318", "season": {"3": "4"}, "title": "\u05d2\u05df \u05d7\u05d9\u05d5\u05ea", "trakt": ""}, {"lastupdate": {"1": 1501103574.0}, "tmdb": 67883, "imdb": "tt5024912", "year": "2016", "tvdb": "314986", "season": {"2": "1"}, "title": "\u05dc\u05d0 \u05d1\u05d8\u05d5\u05d7\u05d4", "trakt": ""}]